-- phpMyAdmin SQL Dump
-- version 4.9.0.1
-- https://www.phpmyadmin.net/
--
-- Host: localhost
-- Generation Time: Jan 26, 2020 at 12:56 PM
-- Server version: 10.4.6-MariaDB
-- PHP Version: 7.3.8

SET SQL_MODE = "NO_AUTO_VALUE_ON_ZERO";
SET AUTOCOMMIT = 0;
START TRANSACTION;
SET time_zone = "+00:00";


/*!40101 SET @OLD_CHARACTER_SET_CLIENT=@@CHARACTER_SET_CLIENT */;
/*!40101 SET @OLD_CHARACTER_SET_RESULTS=@@CHARACTER_SET_RESULTS */;
/*!40101 SET @OLD_COLLATION_CONNECTION=@@COLLATION_CONNECTION */;
/*!40101 SET NAMES utf8mb4 */;

--
-- Database: `api`
--

-- --------------------------------------------------------

--
-- Table structure for table `failed_jobs`
--

CREATE TABLE `failed_jobs` (
  `id` bigint(20) UNSIGNED NOT NULL,
  `connection` text COLLATE utf8mb4_unicode_ci NOT NULL,
  `queue` text COLLATE utf8mb4_unicode_ci NOT NULL,
  `payload` longtext COLLATE utf8mb4_unicode_ci NOT NULL,
  `exception` longtext COLLATE utf8mb4_unicode_ci NOT NULL,
  `failed_at` timestamp NOT NULL DEFAULT current_timestamp()
) ENGINE=InnoDB DEFAULT CHARSET=utf8mb4 COLLATE=utf8mb4_unicode_ci;

-- --------------------------------------------------------

--
-- Table structure for table `migrations`
--

CREATE TABLE `migrations` (
  `id` int(10) UNSIGNED NOT NULL,
  `migration` varchar(255) COLLATE utf8mb4_unicode_ci NOT NULL,
  `batch` int(11) NOT NULL
) ENGINE=InnoDB DEFAULT CHARSET=utf8mb4 COLLATE=utf8mb4_unicode_ci;

--
-- Dumping data for table `migrations`
--

INSERT INTO `migrations` (`id`, `migration`, `batch`) VALUES
(1, '2014_10_12_000000_create_users_table', 1),
(2, '2014_10_12_100000_create_password_resets_table', 1),
(3, '2019_08_19_000000_create_failed_jobs_table', 1),
(4, '2020_01_24_074343_create_products_table', 1);

-- --------------------------------------------------------

--
-- Table structure for table `password_resets`
--

CREATE TABLE `password_resets` (
  `email` varchar(255) COLLATE utf8mb4_unicode_ci NOT NULL,
  `token` varchar(255) COLLATE utf8mb4_unicode_ci NOT NULL,
  `created_at` timestamp NULL DEFAULT NULL
) ENGINE=InnoDB DEFAULT CHARSET=utf8mb4 COLLATE=utf8mb4_unicode_ci;

-- --------------------------------------------------------

--
-- Table structure for table `products`
--

CREATE TABLE `products` (
  `id` bigint(20) UNSIGNED NOT NULL,
  `name` varchar(255) COLLATE utf8mb4_unicode_ci NOT NULL,
  `detail` text COLLATE utf8mb4_unicode_ci NOT NULL,
  `price` int(11) NOT NULL,
  `stock` int(11) NOT NULL,
  `discount` int(11) NOT NULL,
  `user_id` int(10) UNSIGNED NOT NULL,
  `created_at` timestamp NULL DEFAULT NULL,
  `updated_at` timestamp NULL DEFAULT NULL
) ENGINE=InnoDB DEFAULT CHARSET=utf8mb4 COLLATE=utf8mb4_unicode_ci;

--
-- Dumping data for table `products`
--

INSERT INTO `products` (`id`, `name`, `detail`, `price`, `stock`, `discount`, `user_id`, `created_at`, `updated_at`) VALUES
(1, 'voluptatem', 'Voluptatem explicabo hic repudiandae. Perferendis voluptate velit cupiditate occaecati soluta nostrum modi animi. Voluptas consequuntur cum et doloremque nisi voluptatem rem sed.', 304, 3, 7, 48, '2020-01-26 06:15:09', '2020-01-26 06:15:09'),
(2, 'possimus', 'Qui harum fugiat nesciunt minus. Officiis facilis corporis aspernatur. Ut sit molestias dolorum labore corporis libero excepturi.', 863, 1, 15, 2, '2020-01-26 06:15:09', '2020-01-26 06:15:09'),
(3, 'consequatur', 'Tempora harum aliquam repellendus suscipit et. Culpa reiciendis et sapiente libero voluptatem est quibusdam. Eveniet dolores repudiandae provident itaque iusto non. Rerum minima et quibusdam ex aut.', 873, 5, 3, 15, '2020-01-26 06:15:09', '2020-01-26 06:15:09'),
(4, 'itaque', 'Accusantium inventore rem nostrum impedit. Voluptas consectetur quia atque. Ratione vel consequatur consequatur recusandae voluptas soluta.', 336, 9, 26, 13, '2020-01-26 06:15:09', '2020-01-26 06:15:09'),
(5, 'consectetur', 'Rerum vel iusto facere soluta libero voluptas eos. Dolor in velit vel aspernatur quod. Molestiae maiores explicabo aut molestias voluptatem ratione. Voluptate officiis deleniti dolores reiciendis veritatis quis. Laudantium labore sit iure amet.', 631, 3, 20, 19, '2020-01-26 06:15:09', '2020-01-26 06:15:09'),
(6, 'voluptas', 'Asperiores qui odio magni eos cupiditate ad. Repudiandae quidem voluptas nemo voluptatem. Quia harum architecto et corrupti quod est minima.', 707, 8, 8, 25, '2020-01-26 06:15:09', '2020-01-26 06:15:09'),
(7, 'debitis', 'Eligendi ut ex et omnis nostrum et aut est. Eum facilis eum rerum. Doloribus odit nihil sunt ut minus. Est aut non sint harum tempore voluptas deleniti.', 317, 9, 13, 19, '2020-01-26 06:15:09', '2020-01-26 06:15:09'),
(8, 'dolorum', 'Voluptas nihil expedita occaecati sequi nihil quibusdam et. Non omnis rerum voluptatum cupiditate nisi neque. Aut inventore ipsa molestias eum est officiis. Aut totam inventore ullam officia velit sunt. Facere quam voluptates praesentium voluptatum et est.', 379, 3, 22, 20, '2020-01-26 06:15:09', '2020-01-26 06:15:09'),
(9, 'autem', 'Earum non vitae qui dolore quae. Repudiandae accusantium deleniti id amet quam.', 835, 5, 26, 26, '2020-01-26 06:15:09', '2020-01-26 06:15:09'),
(10, 'sint', 'Et deleniti eaque porro consectetur. Ut distinctio minus nam velit harum asperiores excepturi non. Odio ut adipisci voluptate aliquam.', 456, 5, 25, 12, '2020-01-26 06:15:09', '2020-01-26 06:15:09'),
(11, 'est', 'Harum commodi molestiae et omnis excepturi et voluptas. Autem accusantium soluta sed. Veritatis magnam blanditiis consequatur neque ad ut. Veritatis iusto non asperiores quae consequatur. Aut omnis error eligendi iure.', 871, 9, 14, 11, '2020-01-26 06:15:09', '2020-01-26 06:15:09'),
(12, 'voluptates', 'Ipsa quia exercitationem adipisci temporibus culpa aut. In minima ex blanditiis ut ut. Atque in rerum qui voluptatem.', 938, 8, 14, 34, '2020-01-26 06:15:09', '2020-01-26 06:15:09'),
(13, 'molestiae', 'Voluptas nemo incidunt aut molestiae. Et odit odio provident alias.', 683, 0, 23, 23, '2020-01-26 06:15:09', '2020-01-26 06:15:09'),
(14, 'iure', 'Odit quo unde placeat nesciunt quod. Dolores nihil accusantium qui labore. Consequatur debitis cumque voluptate quas aut.', 121, 0, 17, 29, '2020-01-26 06:15:09', '2020-01-26 06:15:09'),
(15, 'maxime', 'Nostrum praesentium ea dolore id placeat cum quidem tenetur. Aliquam ut magni beatae qui qui.', 359, 6, 5, 18, '2020-01-26 06:15:09', '2020-01-26 06:15:09'),
(16, 'itaque', 'Consequatur labore et laborum sapiente optio. Possimus ratione rerum voluptates porro. Ratione sint molestias modi molestiae. Alias nemo totam cum labore soluta commodi suscipit.', 902, 3, 30, 40, '2020-01-26 06:15:09', '2020-01-26 06:15:09'),
(17, 'repellendus', 'Nisi quod non magni natus accusantium. Accusantium quo in blanditiis delectus omnis. Voluptatum dolor iure ut animi magnam.', 370, 6, 2, 50, '2020-01-26 06:15:09', '2020-01-26 06:15:09'),
(18, 'molestiae', 'Qui sit maxime aut alias. Optio numquam voluptas et qui. Aut quis optio nisi eum odio sed autem commodi. Et ipsa eaque odit dolorum.', 515, 5, 20, 30, '2020-01-26 06:15:09', '2020-01-26 06:15:09'),
(19, 'molestiae', 'Rem et libero harum hic quasi. Voluptate sunt veritatis est animi iste. Possimus quia cum vel.', 326, 4, 19, 44, '2020-01-26 06:15:09', '2020-01-26 06:15:09'),
(20, 'qui', 'Voluptatem rem voluptatem dolores. Fugit ut officia eaque. Natus molestias repellendus placeat incidunt praesentium. Ut officiis quia sequi esse rerum.', 359, 0, 30, 56, '2020-01-26 06:15:09', '2020-01-26 06:15:09'),
(21, 'aliquam', 'Sapiente voluptas sed hic error. Et corrupti harum tempore laudantium voluptates eius. Ducimus ea esse voluptatem voluptatem. Vitae qui ab itaque ea et.', 781, 9, 24, 42, '2020-01-26 06:15:09', '2020-01-26 06:15:09'),
(22, 'facilis', 'Facilis autem velit saepe et consequatur. Et autem dolor quia et tempore et iusto. Quae dolore culpa omnis animi autem nihil omnis.', 413, 1, 19, 24, '2020-01-26 06:15:09', '2020-01-26 06:15:09'),
(23, 'non', 'Facere aperiam qui fugiat quia dolores commodi amet. Consequatur eligendi quam nihil laboriosam mollitia. Occaecati est exercitationem rerum enim facilis eaque distinctio.', 480, 7, 13, 26, '2020-01-26 06:15:09', '2020-01-26 06:15:09'),
(24, 'eligendi', 'Natus aliquid vel in velit est est rem. Dolores asperiores aspernatur eius omnis nostrum magni.', 403, 9, 3, 1, '2020-01-26 06:15:09', '2020-01-26 06:15:09'),
(25, 'nobis', 'Architecto unde ut accusamus. Voluptate est occaecati non optio consectetur suscipit. Error a omnis aliquam dolores est sed.', 716, 7, 14, 13, '2020-01-26 06:15:09', '2020-01-26 06:15:09'),
(26, 'et', 'Ea porro a deleniti vero aut dolor similique. Possimus quod repellat qui aut officiis atque. Corporis corporis rem temporibus aspernatur suscipit et.', 561, 9, 27, 20, '2020-01-26 06:15:09', '2020-01-26 06:15:09'),
(27, 'recusandae', 'Esse at unde vitae molestiae fugiat deleniti. Temporibus aut architecto quia delectus sit esse. Perferendis dolor nobis et consequatur magnam molestias ipsum. Dolorem architecto dicta voluptatum nihil qui eligendi dolore qui. Ab fugiat pariatur possimus accusantium.', 314, 6, 20, 17, '2020-01-26 06:15:09', '2020-01-26 06:15:09'),
(28, 'et', 'Voluptas iure temporibus harum est dolorum aut. Iure qui architecto numquam ea. Ut aut voluptas sit dignissimos. Ut accusantium aut eligendi maiores occaecati.', 495, 7, 26, 41, '2020-01-26 06:15:09', '2020-01-26 06:15:09'),
(29, 'officia', 'Perspiciatis enim sint repellat consequatur distinctio. Molestiae et quas impedit ut. Porro ratione dolorum rerum expedita animi voluptatem. Provident ipsum non velit ab earum ut totam.', 423, 4, 9, 12, '2020-01-26 06:15:09', '2020-01-26 06:15:09'),
(30, 'aliquam', 'Et quo vitae voluptas velit. Nulla soluta harum alias ipsum. Velit aut architecto nulla qui iste quis.', 250, 8, 5, 45, '2020-01-26 06:15:09', '2020-01-26 06:15:09'),
(31, 'blanditiis', 'Deserunt consequuntur voluptatibus voluptates dolorem non eius placeat. Suscipit quod non ipsum fugiat soluta sunt labore. Quis iure aut sunt. Quae ullam illum amet aut.', 958, 1, 10, 7, '2020-01-26 06:15:09', '2020-01-26 06:15:09'),
(32, 'quia', 'Mollitia delectus quis qui non. Amet ut ipsa error. Est aspernatur sunt eos consequatur doloribus. Libero et enim ullam placeat.', 474, 4, 15, 24, '2020-01-26 06:15:09', '2020-01-26 06:15:09'),
(33, 'saepe', 'Quis sequi quidem cumque esse facilis eius. Molestias sit corporis dolorum. Corporis omnis aut assumenda libero.', 895, 6, 28, 14, '2020-01-26 06:15:09', '2020-01-26 06:15:09'),
(34, 'omnis', 'Eveniet id voluptatem tempore perspiciatis sed. Qui voluptas aspernatur rerum aut sit aut sit.', 886, 0, 23, 44, '2020-01-26 06:15:09', '2020-01-26 06:15:09'),
(35, 'laboriosam', 'Non ut labore et rerum. Molestiae odio quam corrupti officiis necessitatibus aliquam aut. Deserunt ex minus soluta. Doloremque voluptatem et voluptatem consequatur omnis rerum ea corporis. Praesentium eos non qui repellat repellendus unde eos ducimus.', 435, 4, 6, 41, '2020-01-26 06:15:10', '2020-01-26 06:15:10'),
(36, 'ut', 'Quo reiciendis et omnis fugiat ducimus rem. Id quo maiores quas harum. Expedita saepe repellat libero qui. A quo assumenda quam qui. Illum iste et voluptatem quos eveniet.', 839, 8, 6, 49, '2020-01-26 06:15:10', '2020-01-26 06:15:10'),
(37, 'quam', 'Ut qui corrupti omnis molestiae. Beatae cum suscipit ullam dolor et nostrum dolor. Perspiciatis aut aut eligendi modi. Natus cumque fuga voluptatibus aut eos.', 887, 9, 25, 10, '2020-01-26 06:15:10', '2020-01-26 06:15:10'),
(38, 'nemo', 'Alias animi debitis rem voluptas fugiat molestias. Magnam suscipit esse voluptates ullam impedit consequatur exercitationem amet. Consequatur dolorem facere ut modi enim quia.', 320, 0, 16, 14, '2020-01-26 06:15:10', '2020-01-26 06:15:10'),
(39, 'neque', 'Aspernatur ut et velit est facere maxime ipsa. Laudantium eos quia iusto esse. Quo repellat non in quis.', 786, 0, 6, 31, '2020-01-26 06:15:10', '2020-01-26 06:15:10'),
(40, 'optio', 'Repellat nulla est provident esse minus consequatur alias. Eveniet est tempora rem tenetur. Sint corporis quaerat ea quisquam voluptatem unde aliquid. Nobis rerum est commodi repudiandae.', 371, 4, 9, 38, '2020-01-26 06:15:10', '2020-01-26 06:15:10'),
(41, 'fugiat', 'Et adipisci et vitae sed. Dolore sed qui provident est eius. Provident iure culpa fugit rerum. Sed magni voluptates doloremque temporibus ut aut totam.', 282, 2, 5, 26, '2020-01-26 06:15:10', '2020-01-26 06:15:10'),
(42, 'rem', 'Id sed dolor autem. Quae corporis beatae molestias. Modi dolor voluptas qui.', 244, 4, 5, 5, '2020-01-26 06:15:10', '2020-01-26 06:15:10'),
(43, 'aut', 'Eligendi est harum qui maiores. Nostrum sed rerum id incidunt. Esse et sed magni ad eveniet repudiandae. Et accusamus molestiae et fuga.', 168, 9, 3, 52, '2020-01-26 06:15:10', '2020-01-26 06:15:10'),
(44, 'vel', 'Eum qui aliquid repellendus quae. Magni necessitatibus modi consequatur laboriosam numquam explicabo. Cumque quia temporibus non harum. Repudiandae consectetur explicabo vitae error id minus a.', 666, 5, 4, 29, '2020-01-26 06:15:10', '2020-01-26 06:15:10'),
(45, 'sequi', 'Ut voluptatem aut corporis non et sed. Eum praesentium esse non veritatis et. Nemo dolor repellat modi optio. Incidunt non aut reprehenderit ea at voluptas nisi.', 891, 6, 2, 10, '2020-01-26 06:15:10', '2020-01-26 06:15:10'),
(46, 'et', 'Voluptate doloribus quo eum quis qui et. Omnis enim tempore ex eum placeat atque quidem. Nihil atque animi qui cupiditate occaecati non fuga. Deserunt voluptatem aspernatur animi est laboriosam a.', 281, 0, 10, 26, '2020-01-26 06:15:10', '2020-01-26 06:15:10'),
(47, 'saepe', 'Harum commodi sit non autem veritatis rerum. Illum quod error est voluptatem assumenda quis veniam. Consectetur molestias debitis asperiores omnis sapiente accusamus ut.', 262, 5, 7, 8, '2020-01-26 06:15:10', '2020-01-26 06:15:10'),
(48, 'qui', 'Mollitia qui consequatur ex. Amet et adipisci ut sit ut vel quo. Modi ut nesciunt iusto vero neque laborum tenetur.', 111, 6, 26, 9, '2020-01-26 06:15:10', '2020-01-26 06:15:10'),
(49, 'non', 'Facere aspernatur eaque cumque error. Qui corporis vel enim provident beatae perspiciatis. Pariatur alias libero quos. Similique molestiae qui quia vel rem voluptas necessitatibus. Quidem laboriosam voluptatem sed deleniti ea nulla error sit.', 632, 7, 20, 16, '2020-01-26 06:15:10', '2020-01-26 06:15:10'),
(50, 'distinctio', 'Id quibusdam ducimus natus modi fugiat. Quo dolorem quibusdam temporibus non soluta. Temporibus sint molestiae possimus atque.', 697, 5, 18, 17, '2020-01-26 06:15:10', '2020-01-26 06:15:10');

-- --------------------------------------------------------

--
-- Table structure for table `reviews`
--

CREATE TABLE `reviews` (
  `id` bigint(20) UNSIGNED NOT NULL,
  `product_id` int(10) UNSIGNED NOT NULL,
  `customer` varchar(255) COLLATE utf8mb4_unicode_ci NOT NULL,
  `review` text COLLATE utf8mb4_unicode_ci NOT NULL,
  `star` int(11) NOT NULL,
  `created_at` timestamp NULL DEFAULT NULL,
  `updated_at` timestamp NULL DEFAULT NULL
) ENGINE=InnoDB DEFAULT CHARSET=utf8mb4 COLLATE=utf8mb4_unicode_ci;

--
-- Dumping data for table `reviews`
--

INSERT INTO `reviews` (`id`, `product_id`, `customer`, `review`, `star`, `created_at`, `updated_at`) VALUES
(1, 21, 'Clinton Haag', 'Omnis maxime consequuntur facilis qui aliquam. Quis qui mollitia repudiandae. Fugiat quisquam vel minus quia occaecati accusamus voluptas. Sed corrupti eligendi cum sunt perferendis et omnis.', 1, '2020-01-26 06:15:10', '2020-01-26 06:15:10'),
(2, 31, 'Paula Schuppe', 'Voluptatem blanditiis voluptatem ab ut. Quae excepturi quo quo debitis possimus. Consequuntur animi numquam ut tempore laudantium dicta quia. Veniam odit vel et et qui molestias.', 5, '2020-01-26 06:15:10', '2020-01-26 06:15:10'),
(3, 42, 'Britney Goyette', 'Et ducimus deleniti et exercitationem. Molestiae occaecati aut eveniet aut harum voluptatem. Maiores et autem sint. Quasi non nemo labore cumque.', 3, '2020-01-26 06:15:10', '2020-01-26 06:15:10'),
(4, 34, 'Fabian Johnson', 'Tempora id accusantium et illo animi. Molestiae aliquam error nostrum provident provident nihil cumque. Voluptatem reprehenderit repellat quaerat quia eum magnam nesciunt mollitia. Quia eveniet in unde.', 1, '2020-01-26 06:15:10', '2020-01-26 06:15:10'),
(5, 40, 'Felicita West', 'Quia illum est aut minima vero dolores beatae. Cum explicabo rem sint labore aut nesciunt explicabo. Doloremque necessitatibus tenetur qui voluptatem blanditiis qui reprehenderit quia.', 3, '2020-01-26 06:15:10', '2020-01-26 06:15:10'),
(6, 37, 'Khalid Gorczany MD', 'Fugit praesentium autem quis ex aut laudantium. Velit consequuntur quibusdam quia similique veniam non eos. Reprehenderit dolores veritatis adipisci ea. Ipsum vel aut architecto nesciunt quas.', 0, '2020-01-26 06:15:10', '2020-01-26 06:15:10'),
(7, 18, 'Mr. Wilhelm Legros III', 'At dolor vitae optio adipisci sint aut. Dolor dolore accusantium tempora quis nam rem numquam. Eligendi voluptatem sunt rerum est. Rerum sunt voluptate enim fuga aut et.', 4, '2020-01-26 06:15:10', '2020-01-26 06:15:10'),
(8, 7, 'Richmond Heller', 'Aut rem suscipit modi laborum. Temporibus ut est aut ipsa voluptas. Dolores et libero porro rerum veritatis quidem nobis. Culpa possimus magnam dicta laborum.', 0, '2020-01-26 06:15:11', '2020-01-26 06:15:11'),
(9, 1, 'Prof. Kane Walker PhD', 'Odit id et incidunt ipsa corrupti. Qui sit ea error nesciunt. Necessitatibus sint quae fugit animi.', 0, '2020-01-26 06:15:11', '2020-01-26 06:15:11'),
(10, 16, 'Ronny Koepp', 'Vel dicta aut inventore et non qui sunt magnam. Quo fugiat culpa nam temporibus adipisci. Nesciunt dicta consequatur asperiores ut. Dolor dolor iure quaerat consectetur alias adipisci.', 0, '2020-01-26 06:15:11', '2020-01-26 06:15:11'),
(11, 48, 'Alexzander Jones IV', 'Ut officia doloribus impedit iste. In ut quaerat autem esse velit cum. Qui quis et blanditiis amet qui. Est reprehenderit voluptates labore voluptatem cupiditate.', 0, '2020-01-26 06:15:11', '2020-01-26 06:15:11'),
(12, 40, 'Candelario Lebsack', 'Voluptatibus architecto consequatur accusamus quo est voluptas. Debitis facere optio nobis omnis perferendis dignissimos ea vero. Nisi ut voluptate rerum commodi iste ea. Totam repudiandae porro corrupti enim tempora.', 0, '2020-01-26 06:15:11', '2020-01-26 06:15:11'),
(13, 30, 'Dr. Dino Ferry', 'Et ea temporibus quam optio in non quam. Dolorem blanditiis sit quam et omnis amet consectetur. Veniam voluptates voluptas delectus.', 3, '2020-01-26 06:15:11', '2020-01-26 06:15:11'),
(14, 2, 'Leonie Hills', 'Eveniet rerum sit non ipsam et nemo autem et. Inventore eaque sed et vel. Omnis id assumenda vitae ut amet sit fugiat. Perferendis et ut corrupti pariatur.', 4, '2020-01-26 06:15:11', '2020-01-26 06:15:11'),
(15, 7, 'Elmer Mraz', 'Dolore harum dolores temporibus officia dolores nihil eum. Eaque magni dolorum tenetur. Dolorum animi dolorem facilis in.', 4, '2020-01-26 06:15:11', '2020-01-26 06:15:11'),
(16, 17, 'Abigale McGlynn', 'Sed eius vitae voluptas qui cupiditate quia eum. Vel repudiandae sapiente iusto dolore nihil distinctio consectetur. Autem nisi harum maiores dignissimos et distinctio ducimus. Ipsa sed non fugit non veniam rerum esse.', 5, '2020-01-26 06:15:11', '2020-01-26 06:15:11'),
(17, 16, 'Pablo Weimann', 'Minima nihil sequi beatae iusto. Exercitationem sequi neque deserunt quia repellat numquam sed.', 1, '2020-01-26 06:15:11', '2020-01-26 06:15:11'),
(18, 5, 'Jewell Rosenbaum', 'Et voluptates temporibus blanditiis atque qui aut architecto. Quod rerum sit similique nostrum quia qui. Voluptatibus in enim deserunt nobis et.', 3, '2020-01-26 06:15:11', '2020-01-26 06:15:11'),
(19, 1, 'Dr. Josiane Kuhlman DDS', 'Iusto nam vel eveniet ipsam et vitae. Repellat velit quis voluptatum qui.', 1, '2020-01-26 06:15:11', '2020-01-26 06:15:11'),
(20, 1, 'Webster Wolff', 'Suscipit laboriosam ad doloremque repellat culpa. Nesciunt atque libero aspernatur praesentium. Vero velit autem adipisci sunt autem. Delectus ea qui ea eaque alias quam consequuntur.', 2, '2020-01-26 06:15:11', '2020-01-26 06:15:11'),
(21, 3, 'Miss Aida Douglas', 'Ipsa non nulla magni ipsam est animi quia deleniti. Repellendus exercitationem nobis magnam et occaecati nihil aut. Eaque quidem non non.', 5, '2020-01-26 06:15:11', '2020-01-26 06:15:11'),
(22, 7, 'Hyman Hane', 'Excepturi temporibus omnis eaque. Laboriosam quia harum est dolor voluptatem. Nobis debitis aliquid et nulla. Reprehenderit sed blanditiis et voluptate tenetur.', 2, '2020-01-26 06:15:11', '2020-01-26 06:15:11'),
(23, 17, 'Dr. Jeffery Dickinson', 'Veniam distinctio unde dolores reprehenderit ut vero qui. Porro esse ut id pariatur quaerat quam. Ut ut tempore molestiae officia quis. Id nihil excepturi molestias omnis quaerat.', 0, '2020-01-26 06:15:11', '2020-01-26 06:15:11'),
(24, 32, 'Ms. Kitty Stokes', 'Repellat molestias perferendis at blanditiis amet fugit. Fugiat magni est aut omnis. Dolorem enim incidunt fugiat sed laborum numquam. Voluptatem nihil a iste blanditiis nemo.', 2, '2020-01-26 06:15:11', '2020-01-26 06:15:11'),
(25, 45, 'Kurtis Walter', 'Autem est quibusdam repellat et voluptatum. Voluptatibus nemo et qui aspernatur. Est sed ullam libero consectetur at repudiandae. Possimus tenetur pariatur sed voluptatem est officia.', 4, '2020-01-26 06:15:11', '2020-01-26 06:15:11'),
(26, 14, 'Dandre Grant', 'Facilis aut temporibus sed pariatur quam. Officia nemo deserunt vel sit consequatur dolores maxime. Ab voluptatem aliquid aperiam.', 5, '2020-01-26 06:15:11', '2020-01-26 06:15:11'),
(27, 28, 'Prof. Marcelino Green', 'In sunt et excepturi voluptatibus porro voluptates voluptas. Et repellat natus quia mollitia facere ab laboriosam harum.', 0, '2020-01-26 06:15:11', '2020-01-26 06:15:11'),
(28, 12, 'Herman McLaughlin', 'Error delectus animi a molestias quo doloribus. Omnis ipsam nihil aut qui cum quod. Est sed est in ipsa. Soluta ut illo maiores vitae modi.', 0, '2020-01-26 06:15:11', '2020-01-26 06:15:11'),
(29, 22, 'Cora Metz', 'Quidem eius quam molestiae magnam soluta voluptas harum. Molestiae repudiandae laudantium nulla pariatur pariatur dolor et est. Facere dolor voluptas est ad. Error ut nesciunt unde et.', 4, '2020-01-26 06:15:11', '2020-01-26 06:15:11'),
(30, 13, 'Miss Virginie Gaylord', 'Eaque at asperiores praesentium tempore natus. Est ducimus ipsum velit corrupti pariatur suscipit. Voluptas voluptas fugit voluptas qui perferendis ad. Ipsa enim sunt quo excepturi repellat. Sed cumque ut aut voluptas est quod.', 3, '2020-01-26 06:15:11', '2020-01-26 06:15:11'),
(31, 12, 'Clemens Rosenbaum', 'Voluptas et quasi ab pariatur totam quis. Dolor voluptas quia ut ipsum et et laborum. Unde perspiciatis harum aut. Ut cupiditate a voluptatem.', 1, '2020-01-26 06:15:11', '2020-01-26 06:15:11'),
(32, 19, 'Sigurd Berge', 'Consectetur ut similique assumenda voluptatem quisquam. Ut quibusdam alias non dolores enim atque. Maiores nostrum animi vero alias repudiandae cum facere a.', 2, '2020-01-26 06:15:11', '2020-01-26 06:15:11'),
(33, 38, 'Jennyfer Bauch', 'Delectus commodi distinctio incidunt accusamus. Dolorem et laborum soluta explicabo qui nisi. Nostrum et delectus reiciendis molestiae aut voluptatem accusantium animi.', 2, '2020-01-26 06:15:11', '2020-01-26 06:15:11'),
(34, 4, 'Dr. Anita Pollich I', 'Ut inventore corrupti architecto illum consequuntur et ipsam. Et nisi qui sunt sint. Unde enim voluptas aut repudiandae pariatur facilis.', 3, '2020-01-26 06:15:11', '2020-01-26 06:15:11'),
(35, 20, 'Kimberly D\'Amore', 'Alias autem et aperiam quibusdam. Et amet inventore placeat tempore. Reiciendis cumque nostrum maxime mollitia neque.', 2, '2020-01-26 06:15:11', '2020-01-26 06:15:11'),
(36, 36, 'Fidel Pfeffer', 'Ut mollitia enim sunt et est labore qui ea. Odio similique sed quo id voluptatibus. Eaque expedita fugit esse et optio corrupti ut quos.', 4, '2020-01-26 06:15:11', '2020-01-26 06:15:11'),
(37, 38, 'Mr. Grady Skiles I', 'Labore qui nulla adipisci maiores. Non in iusto maiores non. Dolor quo consectetur iste quos quis sunt.', 0, '2020-01-26 06:15:11', '2020-01-26 06:15:11'),
(38, 17, 'Prof. Zander Dietrich', 'Exercitationem nulla magni nostrum praesentium minus vitae libero. Non et unde alias placeat dolor quia. Ratione id velit et quidem id.', 2, '2020-01-26 06:15:11', '2020-01-26 06:15:11'),
(39, 50, 'Alba Quigley', 'Voluptates eaque praesentium ut quam quam. Et repellendus corporis et. Numquam rerum consequatur dolor quasi. Non sed quia atque cum qui esse asperiores.', 4, '2020-01-26 06:15:11', '2020-01-26 06:15:11'),
(40, 40, 'Tobin Schneider', 'Quidem et aut et fugiat. Aliquid ea id voluptate minima aspernatur adipisci aut. Voluptas id earum dolores consectetur.', 4, '2020-01-26 06:15:11', '2020-01-26 06:15:11'),
(41, 12, 'Audreanne Hintz', 'Est possimus omnis voluptatem nisi commodi. Voluptatibus molestias magnam autem voluptatum quis. Inventore culpa saepe fugit. Corrupti dicta et facere incidunt totam fuga sed.', 1, '2020-01-26 06:15:11', '2020-01-26 06:15:11'),
(42, 12, 'Kaya Kreiger', 'Debitis cum ea voluptatum. Est omnis fuga repellendus totam officiis. Iste non dolores voluptatum.', 3, '2020-01-26 06:15:11', '2020-01-26 06:15:11'),
(43, 13, 'Hulda Gerhold', 'Qui laborum autem voluptatem error consequuntur. Nesciunt quos et corrupti voluptatem ratione ut sint deleniti. Officia numquam velit est quibusdam dolores.', 4, '2020-01-26 06:15:11', '2020-01-26 06:15:11'),
(44, 33, 'Juvenal Conn', 'Quidem magni est minus ipsam ducimus hic impedit. Molestiae dolore labore dicta quaerat eum. Cumque at et sequi sed quod enim sit. Accusantium distinctio maiores dolorum veritatis veniam nemo.', 1, '2020-01-26 06:15:11', '2020-01-26 06:15:11'),
(45, 13, 'Ms. Belle Witting V', 'Cumque maiores modi voluptatibus harum delectus explicabo est ea. Ut voluptas saepe hic qui. Qui nihil eos est. Labore architecto voluptate ad vitae est.', 0, '2020-01-26 06:15:11', '2020-01-26 06:15:11'),
(46, 30, 'Nicholaus Rau', 'Amet officia laboriosam architecto odit inventore qui odio. Consequatur corrupti dolores sed eos sint. Aperiam et quam porro voluptatem eveniet.', 2, '2020-01-26 06:15:11', '2020-01-26 06:15:11'),
(47, 47, 'Jeanne Parisian', 'Atque voluptates nobis et sunt. Voluptas iste possimus est pariatur praesentium similique. Inventore expedita aut blanditiis vel. Totam voluptas veniam facilis iure.', 1, '2020-01-26 06:15:11', '2020-01-26 06:15:11'),
(48, 31, 'Jarrod Oberbrunner II', 'Quos magnam voluptatum saepe tempora laudantium. Quis reiciendis officiis aliquam quia sit autem aliquam. Consequatur aliquid possimus quia eos velit nihil dicta.', 0, '2020-01-26 06:15:11', '2020-01-26 06:15:11'),
(49, 31, 'Theodora Fay DDS', 'Eos cum et et qui maxime blanditiis consequatur. Tempora molestias est sed alias aut amet occaecati. Voluptates quos delectus minima libero quo blanditiis nulla.', 2, '2020-01-26 06:15:11', '2020-01-26 06:15:11'),
(50, 22, 'Alek Monahan', 'Nihil tempore rerum cum rerum asperiores quasi commodi beatae. Et molestiae doloremque non eius qui repudiandae. Dolore praesentium aut enim.', 0, '2020-01-26 06:15:11', '2020-01-26 06:15:11'),
(51, 26, 'Myron Moen', 'Sit et qui ut autem eius laborum. Unde corporis qui soluta aperiam qui eos. Itaque ducimus voluptatem accusamus omnis adipisci ut.', 1, '2020-01-26 06:15:12', '2020-01-26 06:15:12'),
(52, 2, 'Dario Osinski', 'Blanditiis aut quia exercitationem voluptates est amet laudantium. Occaecati non et magni dolorem placeat. Doloremque consectetur dolores perferendis porro totam rerum.', 2, '2020-01-26 06:15:12', '2020-01-26 06:15:12'),
(53, 14, 'Mikayla Jacobson', 'Deleniti eveniet accusamus ab ratione est voluptatibus occaecati. Qui minus autem hic sed qui eaque. Impedit vitae fugit atque quaerat minus. Aliquid officia quis omnis pariatur architecto.', 1, '2020-01-26 06:15:12', '2020-01-26 06:15:12'),
(54, 38, 'Mr. Rodolfo Ritchie', 'Aut ratione doloremque excepturi quae enim fugit repellendus. Quisquam magnam quidem omnis. Deleniti ex voluptatem consequatur voluptas sed voluptatem dolor.', 5, '2020-01-26 06:15:12', '2020-01-26 06:15:12'),
(55, 29, 'Alaina Blick', 'Quibusdam necessitatibus ullam dignissimos occaecati. Non voluptatem deleniti saepe eum eaque minus deleniti. Autem quod impedit laudantium ut magni sint dolorem. Voluptas alias ea architecto harum distinctio qui qui.', 0, '2020-01-26 06:15:12', '2020-01-26 06:15:12'),
(56, 42, 'Anderson Wyman', 'Quae fugit perspiciatis et dolorum ratione eum. Est dolorum laudantium provident eos quia. Est sit voluptatem soluta quaerat. Et quia natus velit deserunt nisi iure. Quasi repellendus iste et dolorem rerum veniam.', 3, '2020-01-26 06:15:12', '2020-01-26 06:15:12'),
(57, 31, 'Alfonzo McLaughlin', 'Quas debitis soluta dolorem totam reprehenderit. Quaerat aut quia mollitia perferendis rerum debitis. Expedita non dignissimos expedita dolore.', 5, '2020-01-26 06:15:12', '2020-01-26 06:15:12'),
(58, 6, 'Mohammed Feil', 'Ut quasi ad eveniet occaecati eveniet ut et. Velit vitae deleniti unde sint ab modi in quis. Est adipisci suscipit illo officiis commodi.', 5, '2020-01-26 06:15:12', '2020-01-26 06:15:12'),
(59, 44, 'Destinee Beatty', 'Maiores voluptas consequatur odit aut corrupti. Eveniet quisquam accusantium aut aut molestiae. Ut animi laudantium voluptatibus totam eos id autem deleniti. Tempora dolor sit voluptatem est ut aut provident.', 5, '2020-01-26 06:15:12', '2020-01-26 06:15:12'),
(60, 1, 'Kory Larkin PhD', 'Alias in eum aspernatur placeat sint quae. Iste animi deserunt est aliquam aliquid sit. Est non enim quam est ut.', 5, '2020-01-26 06:15:12', '2020-01-26 06:15:12'),
(61, 25, 'Mr. Troy McLaughlin', 'Cumque molestiae asperiores esse et dolorem cum. Quo eligendi laudantium excepturi totam asperiores est quo. Distinctio quis est ipsam maiores earum. Quaerat omnis perspiciatis quae incidunt neque quasi harum.', 1, '2020-01-26 06:15:12', '2020-01-26 06:15:12'),
(62, 42, 'Romaine Satterfield', 'Impedit rerum accusamus tempora vel cumque est quam. Vel totam quas vero sit cum sunt voluptatem veritatis. Quaerat velit nisi consectetur.', 0, '2020-01-26 06:15:12', '2020-01-26 06:15:12'),
(63, 47, 'Prof. Sheridan Gorczany', 'Reprehenderit cupiditate velit accusantium molestiae dolor veritatis ratione. Corrupti iste impedit deleniti quas autem quo harum. Nihil ut facilis omnis earum iusto.', 1, '2020-01-26 06:15:12', '2020-01-26 06:15:12'),
(64, 38, 'Gage Ledner', 'Sunt autem voluptas molestiae sed. Et magnam laudantium porro consequatur ea. Et deleniti nostrum eos suscipit et et.', 3, '2020-01-26 06:15:12', '2020-01-26 06:15:12'),
(65, 7, 'Prof. Korbin Ernser', 'Laboriosam repudiandae commodi perferendis et sed rerum. Ut sunt nulla voluptatibus aut quia odio sed. Eos rerum est consequatur praesentium sit iusto. Labore qui eaque dolorem laboriosam adipisci inventore est.', 3, '2020-01-26 06:15:12', '2020-01-26 06:15:12'),
(66, 10, 'Freeda Wiza II', 'Architecto sunt rerum odit autem ut dignissimos in. Aut fuga quia rem voluptatem et unde. Minus a beatae ullam aut explicabo. Maiores vel est aspernatur dolorum.', 1, '2020-01-26 06:15:12', '2020-01-26 06:15:12'),
(67, 5, 'Miss Lottie Orn', 'Enim sit necessitatibus dolorem dicta tenetur sequi. Alias delectus quae dolores delectus est nisi. Sit numquam quisquam enim facilis sint nostrum odio. Accusantium non excepturi laboriosam voluptatem fugit et. Eum laborum odit assumenda ut libero eligendi accusamus.', 3, '2020-01-26 06:15:12', '2020-01-26 06:15:12'),
(68, 25, 'Lavada Morissette', 'Perspiciatis et dolores tenetur esse consequatur adipisci aspernatur. Est incidunt minus eos voluptatem vel. Optio ducimus laudantium accusantium asperiores sed saepe aut.', 2, '2020-01-26 06:15:12', '2020-01-26 06:15:12'),
(69, 40, 'Ahmed McCullough', 'Sunt in quae et asperiores repellat non. Excepturi est laborum assumenda quam voluptas. Omnis dolorem nulla reprehenderit omnis.', 0, '2020-01-26 06:15:12', '2020-01-26 06:15:12'),
(70, 32, 'Liliane Boehm', 'Molestiae placeat officia deserunt sequi. Sed culpa est harum sed nulla reiciendis. Consequatur ut quidem molestiae eos non molestiae magnam dolores.', 3, '2020-01-26 06:15:12', '2020-01-26 06:15:12'),
(71, 14, 'Mr. Omari McDermott MD', 'Ex modi dolorem tenetur consequatur error est quia. Et dolorem quo aperiam vel. Est quia dolores nihil. Quod sapiente ut magnam ipsam animi at.', 5, '2020-01-26 06:15:12', '2020-01-26 06:15:12'),
(72, 12, 'Ashtyn Fahey Jr.', 'Velit voluptatem delectus corrupti fugiat. Fuga sit optio qui esse in et voluptatibus. Eos labore ullam cupiditate et dolores dolorem. Numquam laboriosam quibusdam dignissimos.', 3, '2020-01-26 06:15:12', '2020-01-26 06:15:12'),
(73, 6, 'Mr. Cordelia Schiller', 'Voluptatem qui doloribus sed nam dolorem numquam expedita consequatur. Et consequatur facere explicabo sit dolores vero. Neque et consequatur dolorem maiores.', 2, '2020-01-26 06:15:12', '2020-01-26 06:15:12'),
(74, 20, 'Mrs. Kailyn Stracke MD', 'Quo ea doloremque aspernatur quod. Consequatur ipsum qui consectetur id. Laboriosam molestiae dolores ut optio cumque.', 3, '2020-01-26 06:15:12', '2020-01-26 06:15:12'),
(75, 6, 'Mrs. Dulce Jakubowski', 'Sit mollitia ea qui eaque tenetur est. Est qui molestiae maiores sint fugit. Quidem et sit aperiam nam illo et aut.', 1, '2020-01-26 06:15:12', '2020-01-26 06:15:12'),
(76, 7, 'Prof. Blanche O\'Keefe PhD', 'Atque voluptas recusandae ut porro incidunt pariatur. Atque cumque provident soluta. Qui quia ipsa incidunt quo omnis.', 0, '2020-01-26 06:15:12', '2020-01-26 06:15:12'),
(77, 28, 'Dewitt Welch', 'Ipsum sit necessitatibus ut cum voluptas adipisci. Perferendis aperiam dolorem quidem quae porro omnis.', 5, '2020-01-26 06:15:12', '2020-01-26 06:15:12'),
(78, 37, 'Vern Okuneva IV', 'Delectus quidem eum ullam ipsum ut nesciunt. Est libero laboriosam assumenda modi et iure. Dolores harum qui minima earum sapiente incidunt. Aut veniam temporibus molestias accusantium dolorem eaque omnis.', 3, '2020-01-26 06:15:12', '2020-01-26 06:15:12'),
(79, 23, 'Crystal Schinner', 'Perspiciatis dolore omnis dignissimos temporibus nam sunt. Et numquam voluptatem accusamus nihil nihil est rem. Aut expedita facilis voluptate natus.', 0, '2020-01-26 06:15:12', '2020-01-26 06:15:12'),
(80, 11, 'Monserrat Stanton Sr.', 'Autem non sit explicabo optio. Facere aliquid soluta vel dolorem accusamus modi. Iste nam iure minima explicabo repudiandae. Amet debitis et dolorem et repellat in nihil dolor.', 0, '2020-01-26 06:15:12', '2020-01-26 06:15:12'),
(81, 33, 'Deborah Rogahn', 'Consequatur qui maxime sint unde harum sint impedit. Tempora sit totam nulla facere voluptate quibusdam iure. Reiciendis quas omnis et officiis.', 4, '2020-01-26 06:15:12', '2020-01-26 06:15:12'),
(82, 14, 'Anabelle Kertzmann', 'Et consequatur corrupti commodi ex suscipit nesciunt. Eveniet enim exercitationem ad vel autem. Nihil rerum est accusamus doloribus numquam quis totam. Vel quia exercitationem consectetur neque. Distinctio aut ad non laudantium.', 1, '2020-01-26 06:15:12', '2020-01-26 06:15:12'),
(83, 24, 'Emmie Purdy', 'Aut mollitia consequatur nulla consequuntur. Veritatis autem recusandae cupiditate et animi. Veniam quam saepe laboriosam recusandae consequatur.', 2, '2020-01-26 06:15:12', '2020-01-26 06:15:12'),
(84, 42, 'Dion Hessel', 'Consequuntur accusantium harum deserunt voluptas voluptatem sint. In autem dignissimos odio consequatur quae officia natus iusto. Omnis est alias necessitatibus iure.', 2, '2020-01-26 06:15:13', '2020-01-26 06:15:13'),
(85, 20, 'Anjali Romaguera DVM', 'Fuga nesciunt et harum sit. Quos illum minus eos molestias sed ut consequatur. Quibusdam autem rerum quos qui vitae voluptatibus. Consequatur libero vel quod et. Quod molestiae alias sit praesentium unde dolor dolorum sint.', 2, '2020-01-26 06:15:13', '2020-01-26 06:15:13'),
(86, 23, 'Mr. Vincent Bashirian', 'Occaecati eos incidunt vitae illum repellendus. Sunt omnis beatae libero quia eos asperiores. Non rerum vero natus excepturi voluptatem quibusdam esse. Suscipit qui nemo modi vel. Doloremque id quasi officia.', 5, '2020-01-26 06:15:13', '2020-01-26 06:15:13'),
(87, 37, 'Dr. Lyric Franecki', 'Quas debitis ut qui est. Qui non voluptas omnis velit. Quae incidunt accusamus rem ab amet dolor.', 2, '2020-01-26 06:15:13', '2020-01-26 06:15:13'),
(88, 23, 'Rowena Yost', 'Ut reiciendis totam ut sint. Neque qui iusto neque vero dolor et. Quia deserunt aut omnis delectus nesciunt similique.', 5, '2020-01-26 06:15:13', '2020-01-26 06:15:13'),
(89, 49, 'Demetrius Kutch', 'Et aperiam eligendi voluptatem culpa nemo et dolor. Pariatur nisi inventore dolore molestiae laudantium consequuntur mollitia.', 0, '2020-01-26 06:15:13', '2020-01-26 06:15:13'),
(90, 7, 'Ally Maggio', 'Dicta facilis facilis et nemo. Ducimus in illum aspernatur corporis eos. Et temporibus quia quod quia tempore autem. Explicabo omnis perferendis accusantium dicta.', 3, '2020-01-26 06:15:13', '2020-01-26 06:15:13'),
(91, 8, 'Stephania Grant', 'Fugiat distinctio quis sunt voluptas ut totam corrupti. Dolor et illo sed porro. Numquam eveniet corrupti praesentium odit aut eum dolorem nesciunt. Reprehenderit qui nesciunt facere sunt rerum soluta omnis.', 2, '2020-01-26 06:15:13', '2020-01-26 06:15:13'),
(92, 27, 'Germaine Pollich', 'Enim in error voluptas assumenda amet excepturi. Ut illo et omnis qui. Perferendis dignissimos consequatur ipsam libero ipsa similique. Officiis perspiciatis dolorum minima mollitia praesentium molestias nostrum omnis.', 1, '2020-01-26 06:15:13', '2020-01-26 06:15:13'),
(93, 18, 'Tevin Stroman', 'Quia asperiores molestiae et aut sit quis sed. Cum blanditiis quia autem blanditiis ducimus. Molestiae ea velit est a fugit ad.', 4, '2020-01-26 06:15:13', '2020-01-26 06:15:13'),
(94, 7, 'Payton Mraz', 'Ut aut quos quod qui. Velit fuga quam voluptas ab facere dicta illum. Dolorum ipsam alias velit voluptas consequatur eos.', 2, '2020-01-26 06:15:13', '2020-01-26 06:15:13'),
(95, 36, 'Prof. Dorris Glover', 'In consectetur quas dicta expedita et. Veritatis consectetur aut in similique saepe assumenda autem. Laborum quo consequatur aut quam autem.', 2, '2020-01-26 06:15:13', '2020-01-26 06:15:13'),
(96, 5, 'Mr. Seth Hegmann', 'Magni quae reprehenderit maxime aspernatur. Dolorem necessitatibus numquam rerum natus eius. Saepe blanditiis eum dolor sed.', 1, '2020-01-26 06:15:13', '2020-01-26 06:15:13'),
(97, 49, 'Dr. Bobby Bogan I', 'Reiciendis nulla minus voluptatibus aut distinctio qui exercitationem. Magnam cupiditate ut eos magnam. Sint porro amet maxime molestiae omnis repudiandae.', 5, '2020-01-26 06:15:13', '2020-01-26 06:15:13'),
(98, 26, 'Britney Bartoletti', 'Vitae doloremque maxime voluptatem consequatur harum ea ut fugit. Quidem eum ratione est qui. Voluptas maiores dolores debitis. Quia aut excepturi voluptatibus delectus.', 4, '2020-01-26 06:15:13', '2020-01-26 06:15:13'),
(99, 33, 'Gunner Smith MD', 'Illum et qui fugiat sunt voluptate nulla consequatur id. Reiciendis nobis consequatur nesciunt. Eum consectetur perferendis et est.', 0, '2020-01-26 06:15:13', '2020-01-26 06:15:13'),
(100, 8, 'Shanelle Wehner V', 'Ea harum aut modi ut magnam. Nesciunt porro assumenda velit autem error. Ipsa iste eligendi ullam quo debitis nisi ex aspernatur. Totam sit voluptas distinctio dolorum enim magni aut.', 5, '2020-01-26 06:15:13', '2020-01-26 06:15:13'),
(101, 28, 'Donnie Keebler DDS', 'Ut illo molestiae veritatis non quae porro voluptas. Quibusdam facere dolor doloribus sint quis voluptas est. Tempore aliquam quisquam quia et aut.', 0, '2020-01-26 06:15:13', '2020-01-26 06:15:13'),
(102, 24, 'Dr. Kadin Beahan', 'Accusamus adipisci quos earum autem eos et tempore. Doloremque totam eveniet ipsum perferendis consequatur quidem. Rerum non exercitationem sit est dolorum facilis commodi. Aut saepe quae incidunt nisi illum ut.', 1, '2020-01-26 06:15:13', '2020-01-26 06:15:13'),
(103, 38, 'Kyleigh Sanford', 'Distinctio quae voluptatem qui enim et illum nulla. Blanditiis deleniti possimus quasi. Eum quidem esse rerum molestias natus rerum quae. Modi mollitia at delectus voluptate et.', 3, '2020-01-26 06:15:13', '2020-01-26 06:15:13'),
(104, 31, 'Miss Chelsea Hane', 'Veritatis ipsum sequi voluptatem rerum ut officia. Consequuntur molestiae dolorem placeat. Eos aut dolorem voluptatem sunt et eveniet voluptatum. Fuga tempora consequatur autem consequatur commodi expedita tempore. Sed consequuntur dolorem doloribus est.', 2, '2020-01-26 06:15:13', '2020-01-26 06:15:13'),
(105, 18, 'Dr. Giuseppe Wehner', 'Vitae et rerum vero animi natus voluptatem. Enim sint minima non et laboriosam et. Magnam consequatur veniam quibusdam voluptatem. Nihil dolor exercitationem sed aut.', 4, '2020-01-26 06:15:13', '2020-01-26 06:15:13'),
(106, 46, 'Kyler Bayer', 'Autem neque aspernatur et modi quo aut voluptatem. Ut voluptatem dolorum dignissimos consequatur provident. Sed architecto doloribus numquam aliquam autem veniam necessitatibus. Dolor autem dolore rerum eius adipisci sapiente.', 1, '2020-01-26 06:15:13', '2020-01-26 06:15:13'),
(107, 40, 'Percy Bergnaum', 'Accusamus quia deleniti aut dignissimos ex est ullam. Laborum qui repudiandae voluptas nesciunt dolore. Blanditiis facere sunt voluptatem eos pariatur aut dolor. Eveniet quisquam nemo blanditiis at.', 4, '2020-01-26 06:15:13', '2020-01-26 06:15:13'),
(108, 39, 'Prof. Audra Metz', 'Aliquid quod ad magni tenetur veniam non. Expedita nostrum cum dolorum beatae at dolorem incidunt. Molestiae sit autem sit quo.', 2, '2020-01-26 06:15:13', '2020-01-26 06:15:13'),
(109, 13, 'Stanley Sporer', 'Architecto et ea aut voluptatem minima explicabo. Ratione rem quaerat quod aliquid iste esse.', 4, '2020-01-26 06:15:13', '2020-01-26 06:15:13'),
(110, 22, 'Edythe Boyer', 'Consectetur non eos ut qui. Blanditiis fugiat vero quia ipsum nam. Natus aut enim consequatur maxime ad.', 5, '2020-01-26 06:15:13', '2020-01-26 06:15:13'),
(111, 46, 'Rebecca Osinski', 'Doloremque facilis soluta rerum libero sit voluptatum et sapiente. Fuga cumque quos nihil enim non fugiat. Explicabo natus totam earum error.', 0, '2020-01-26 06:15:13', '2020-01-26 06:15:13'),
(112, 28, 'Ms. Stefanie Weissnat DVM', 'Sed incidunt quia in qui nihil. Exercitationem saepe optio qui voluptas in explicabo. Laudantium omnis quis vel porro.', 1, '2020-01-26 06:15:13', '2020-01-26 06:15:13'),
(113, 44, 'Regan Okuneva I', 'Expedita culpa pariatur excepturi tempore vel cumque. Ullam et doloremque officiis ratione minus veritatis. Dicta suscipit sunt est ut. Eius aliquam sint quas.', 5, '2020-01-26 06:15:13', '2020-01-26 06:15:13'),
(114, 14, 'Zetta Kutch', 'Officiis sunt aperiam repellendus numquam non illum voluptatem necessitatibus. Cumque maxime et sed reprehenderit quidem sunt ut. Nulla dicta porro cumque quia commodi quos consequatur blanditiis. Id quas consequatur quo reiciendis quia.', 3, '2020-01-26 06:15:13', '2020-01-26 06:15:13'),
(115, 27, 'Thaddeus Welch', 'Eos odio necessitatibus cum error doloribus aut nihil. Nihil numquam aliquam repudiandae dolorum qui aliquam. Ea architecto id eum aut aut.', 4, '2020-01-26 06:15:13', '2020-01-26 06:15:13'),
(116, 24, 'Abe Buckridge', 'Dolorem optio sequi eius est alias perferendis non. Soluta dolorem saepe rerum nobis. Dolores et sequi porro mollitia rerum in necessitatibus.', 2, '2020-01-26 06:15:13', '2020-01-26 06:15:13'),
(117, 7, 'Gregory Howe MD', 'Ipsum non perferendis qui adipisci. Labore dolorum dicta provident qui. Voluptatibus id tenetur non et maxime eum facilis. Officiis qui odio magni distinctio est nesciunt laborum.', 1, '2020-01-26 06:15:13', '2020-01-26 06:15:13'),
(118, 29, 'Adonis Johns', 'Possimus itaque asperiores ipsam et natus impedit. In aliquid sit dolore architecto ipsum. Et qui eveniet recusandae dolorum cum animi beatae.', 0, '2020-01-26 06:15:13', '2020-01-26 06:15:13'),
(119, 46, 'Mathew Spinka PhD', 'Dolore nostrum mollitia et et et et ipsum. Sapiente dolorum in cupiditate et ipsam voluptates officiis. Rerum consectetur quibusdam enim voluptatem.', 4, '2020-01-26 06:15:13', '2020-01-26 06:15:13'),
(120, 42, 'Candice Bartoletti', 'Cum temporibus molestiae debitis voluptatibus. Temporibus non nam rerum unde corporis neque. Sit ad libero ea saepe nam.', 3, '2020-01-26 06:15:13', '2020-01-26 06:15:13'),
(121, 4, 'Taya Stokes', 'Sit eum vitae dolorem soluta. Tenetur laboriosam distinctio occaecati est et dignissimos. Facere consequatur ipsum voluptates consectetur cupiditate autem recusandae quod. Assumenda sint modi non commodi.', 1, '2020-01-26 06:15:14', '2020-01-26 06:15:14'),
(122, 45, 'Abel Braun', 'Dicta alias perferendis officia distinctio hic. Voluptate sed voluptatem nam magnam unde vel expedita. Saepe dolorem quia qui et. Placeat reprehenderit blanditiis est repudiandae aut consequatur non.', 5, '2020-01-26 06:15:14', '2020-01-26 06:15:14'),
(123, 4, 'Dr. Jayme Beier', 'Expedita sint atque sed voluptatibus in vero. Laborum fugiat mollitia perferendis nisi doloremque. Laborum ut dolorem repellendus quis. Esse cum iusto qui cupiditate ut sapiente praesentium.', 1, '2020-01-26 06:15:14', '2020-01-26 06:15:14'),
(124, 3, 'Prof. Treva Hettinger', 'Dignissimos itaque sed molestias qui adipisci odit. Sit qui aliquam veritatis delectus distinctio. Minus maxime quis eaque consequatur occaecati aliquid quasi quia. Illum eum id non optio similique.', 1, '2020-01-26 06:15:14', '2020-01-26 06:15:14'),
(125, 17, 'Dr. Demarco Sawayn DDS', 'Ipsam voluptate dolor recusandae alias non. Et vitae at minus. Voluptatem est est libero alias ipsa. Assumenda eos necessitatibus corrupti rem est impedit rerum soluta.', 3, '2020-01-26 06:15:14', '2020-01-26 06:15:14'),
(126, 12, 'Kaya Yost Sr.', 'Quis ipsum ut ut eos explicabo. Impedit maxime sint quia voluptas.', 3, '2020-01-26 06:15:14', '2020-01-26 06:15:14'),
(127, 34, 'Adaline Pfannerstill', 'Voluptas enim fugiat eos ipsa qui repellat praesentium. Porro sed ratione quia voluptatem voluptas consequatur voluptas. Non aut qui et. Voluptatem repudiandae animi voluptates ipsam dolor ut et.', 2, '2020-01-26 06:15:14', '2020-01-26 06:15:14'),
(128, 19, 'Ari Cremin', 'Odit et eum quasi quae ea quisquam delectus praesentium. Eligendi ratione earum fugiat sed praesentium voluptate. Sed voluptas dolorem nihil possimus animi impedit molestiae itaque. Ipsam sed non a accusantium iste culpa et.', 2, '2020-01-26 06:15:14', '2020-01-26 06:15:14'),
(129, 35, 'Kayden Gaylord', 'Dolor placeat recusandae veniam voluptate laborum animi. Debitis ut quidem maxime quo. Voluptates dolor temporibus qui dolor ea ullam. Ab repellat culpa hic distinctio explicabo cumque laborum.', 2, '2020-01-26 06:15:14', '2020-01-26 06:15:14'),
(130, 15, 'Conner O\'Connell V', 'Est delectus voluptatum dolores harum. Alias dicta sit occaecati. Adipisci impedit nostrum velit.', 0, '2020-01-26 06:15:14', '2020-01-26 06:15:14'),
(131, 24, 'Juvenal Halvorson', 'Amet illo natus consequatur esse quisquam modi et. Aperiam tempora dignissimos et quae et dicta reiciendis quisquam. Quas eum molestiae quae culpa dolorem rerum.', 5, '2020-01-26 06:15:14', '2020-01-26 06:15:14'),
(132, 34, 'Prof. Abelardo Crona DDS', 'Blanditiis asperiores quo aut. Qui qui sunt in in facilis consequatur. Earum nostrum quibusdam laudantium deleniti. Autem ratione cum in itaque incidunt saepe. Eum non autem quos distinctio dolores laudantium sit.', 2, '2020-01-26 06:15:14', '2020-01-26 06:15:14'),
(133, 45, 'Mrs. Kenna Hansen', 'Ut aut molestiae aut tenetur. Sed nihil molestias error praesentium odio debitis. Et quidem qui qui.', 4, '2020-01-26 06:15:14', '2020-01-26 06:15:14'),
(134, 5, 'Marianna Schinner', 'Unde quae a porro sit. Earum vel reprehenderit quidem quia soluta provident aut. Enim mollitia et est sit incidunt iusto quos. Error debitis odit in blanditiis error molestiae.', 1, '2020-01-26 06:15:14', '2020-01-26 06:15:14'),
(135, 10, 'Everette Herman', 'Sed inventore est nemo hic a. Est quia est ipsum repellendus qui consequatur. Aut tempora eveniet quis accusamus ab accusantium culpa.', 4, '2020-01-26 06:15:14', '2020-01-26 06:15:14'),
(136, 6, 'Deon Hartmann', 'Ut aspernatur fuga voluptates est aut. Eos et numquam adipisci doloremque cum et ducimus. Accusamus eaque sed est.', 2, '2020-01-26 06:15:14', '2020-01-26 06:15:14'),
(137, 27, 'Jordon White', 'At inventore expedita perspiciatis facere ea. Maiores id qui facilis omnis. Quia quasi quas optio nesciunt.', 5, '2020-01-26 06:15:14', '2020-01-26 06:15:14'),
(138, 49, 'Trevion Ebert', 'Recusandae et expedita consectetur ipsum non quod. Nam quo placeat debitis consequatur. Aut eveniet quidem non hic. Ut nulla dignissimos saepe quis pariatur assumenda.', 2, '2020-01-26 06:15:14', '2020-01-26 06:15:14'),
(139, 39, 'Dr. Jarrett Boyer', 'Rerum maiores eos fugit. Occaecati omnis non quis. Sit sunt eum officiis cum. Laudantium ut accusamus est molestiae sed magnam placeat labore.', 5, '2020-01-26 06:15:14', '2020-01-26 06:15:14'),
(140, 28, 'Dr. Theodora Little', 'Ullam et incidunt voluptatem occaecati quod. Neque incidunt voluptas nostrum in alias. Et totam ratione similique sequi fuga et magni minima. Quis dignissimos ad veritatis et.', 1, '2020-01-26 06:15:14', '2020-01-26 06:15:14'),
(141, 33, 'Mrs. Gertrude Kemmer', 'Suscipit culpa dicta voluptatem facere totam blanditiis. Ad dolore sit facilis illo cumque. Reiciendis sunt eligendi et hic. Dolor velit aperiam magni molestias placeat.', 4, '2020-01-26 06:15:14', '2020-01-26 06:15:14'),
(142, 3, 'Chadrick Ferry DVM', 'Necessitatibus corporis sed sed et suscipit nemo. Rerum quibusdam et iusto unde. Quia qui illo aut ducimus incidunt occaecati maxime repellat.', 0, '2020-01-26 06:15:14', '2020-01-26 06:15:14'),
(143, 22, 'Darron Keebler', 'Ea laborum nemo doloribus voluptatem sint laborum. Temporibus et reiciendis ut magni sed vero et velit. A laborum pariatur accusantium distinctio.', 2, '2020-01-26 06:15:14', '2020-01-26 06:15:14'),
(144, 28, 'Shakira Casper', 'Tempore voluptate dolore esse et qui dolore. Deleniti amet impedit aperiam soluta delectus est quasi. Minus ut nesciunt rerum id minima vitae dolorem.', 4, '2020-01-26 06:15:14', '2020-01-26 06:15:14'),
(145, 26, 'Mr. Barrett Beahan', 'Perspiciatis et fuga culpa quae pariatur. Maiores ut saepe quod atque. Dolorem voluptatem delectus consectetur non sit rerum quia occaecati. Tempora nihil illum vel et modi.', 2, '2020-01-26 06:15:14', '2020-01-26 06:15:14'),
(146, 15, 'Serenity Nikolaus', 'Id aut sit similique mollitia accusantium. Dolor voluptates eligendi enim voluptatem id. Dolor ex nesciunt id quae. Aut eos assumenda inventore mollitia dolores nihil voluptas.', 3, '2020-01-26 06:15:14', '2020-01-26 06:15:14'),
(147, 47, 'Aisha Ward II', 'Modi ipsa occaecati quo quia. Vel ut est voluptatem enim nobis enim enim. Consequatur tempora impedit dignissimos quia laboriosam aut quia. Ab ipsa voluptatem accusamus laborum optio dolor.', 1, '2020-01-26 06:15:14', '2020-01-26 06:15:14'),
(148, 19, 'Alexander Hoeger', 'Id quis cum optio nobis quae aliquid expedita. Atque aut incidunt eveniet eveniet. Cupiditate laborum est aliquid id eos ea quasi. Impedit non sunt sit est cumque consequatur at. Veritatis rerum officiis magni expedita quaerat.', 2, '2020-01-26 06:15:14', '2020-01-26 06:15:14'),
(149, 12, 'Mia Crist', 'Natus tempore facere et omnis. Repellendus quibusdam recusandae ut in numquam et repellat.', 1, '2020-01-26 06:15:14', '2020-01-26 06:15:14'),
(150, 9, 'Mrs. Kyla Jerde', 'Impedit enim aut ullam vel fugiat accusamus vitae. Iste rem placeat sed ducimus. Autem quis nemo fugiat modi reprehenderit nihil.', 5, '2020-01-26 06:15:14', '2020-01-26 06:15:14'),
(151, 50, 'Ms. Rebeka Weissnat DDS', 'Optio maxime aut repellat aperiam architecto et sed. Non adipisci facere tempora. Aliquid voluptatem dolorum quis qui aliquid. Sapiente saepe consectetur eum eum libero.', 5, '2020-01-26 06:15:14', '2020-01-26 06:15:14'),
(152, 22, 'Prof. Mervin Sauer', 'Vel at vero qui voluptatem vel non minima in. Ut est nobis voluptatem sint ut quia iste. Repudiandae neque ipsa voluptate. Nam et ipsam vero fugiat est unde et.', 3, '2020-01-26 06:15:14', '2020-01-26 06:15:14'),
(153, 6, 'Isom Mann', 'Consequatur ut et fuga qui consequatur nam unde. Aut blanditiis illum rerum incidunt. Sunt quas aut iste ipsum quidem blanditiis quos.', 2, '2020-01-26 06:15:14', '2020-01-26 06:15:14'),
(154, 44, 'Jaylen Weissnat', 'Dolor in tenetur velit. Facere a reiciendis neque blanditiis. Debitis est quam omnis qui.', 1, '2020-01-26 06:15:14', '2020-01-26 06:15:14'),
(155, 25, 'Mr. Buster Morissette', 'Ut a dignissimos dolorem sunt quis. Placeat quis architecto ut explicabo. Ut sint corrupti et id velit corrupti.', 3, '2020-01-26 06:15:14', '2020-01-26 06:15:14'),
(156, 41, 'Miss Ettie Dickens', 'Enim quod commodi omnis cupiditate rem commodi. Dignissimos esse et consectetur non nobis nemo numquam. Ea quia minus pariatur.', 2, '2020-01-26 06:15:14', '2020-01-26 06:15:14'),
(157, 37, 'Marquise Rolfson Sr.', 'Id omnis enim ducimus rem quisquam. Exercitationem iste eum magnam consequatur. Culpa est cumque non ut a cupiditate. Mollitia vel itaque dolorem.', 2, '2020-01-26 06:15:14', '2020-01-26 06:15:14'),
(158, 15, 'Mr. Gust Bernier', 'Labore dolor et quia autem minus. Est nihil rerum doloremque aut assumenda consequatur. Vitae inventore at deleniti recusandae. Hic explicabo eum nobis unde.', 3, '2020-01-26 06:15:14', '2020-01-26 06:15:14'),
(159, 35, 'Prof. Rowan Lynch', 'A assumenda molestias laudantium dolore deserunt. Et architecto et in eligendi. Nulla et cupiditate eaque et similique quas eligendi. Veniam quasi tempora voluptatem eius veritatis ducimus in. Nemo vitae repellendus quia ullam aliquam molestiae omnis.', 4, '2020-01-26 06:15:14', '2020-01-26 06:15:14'),
(160, 41, 'Joan Hahn', 'Quidem nostrum nobis quod similique. Quia autem aut illo. Consectetur inventore excepturi ipsa officiis ut enim omnis beatae.', 5, '2020-01-26 06:15:14', '2020-01-26 06:15:14'),
(161, 6, 'Ms. Elisha Balistreri', 'Recusandae tenetur qui quas corrupti doloremque architecto excepturi. Similique autem in laboriosam est. Velit ea quia temporibus voluptatem corporis inventore aliquam.', 3, '2020-01-26 06:15:15', '2020-01-26 06:15:15'),
(162, 19, 'Ena Gerlach', 'Vel sint molestiae nisi sit. Rerum voluptas et ut labore aut. Aut quia atque porro illum. Tempora expedita aut enim rerum beatae voluptas est ut.', 1, '2020-01-26 06:15:15', '2020-01-26 06:15:15'),
(163, 33, 'Guadalupe Gottlieb', 'Fugiat autem alias non veniam. Dolor id ut quos aliquam dolores dolores. Et nihil exercitationem quia non quia ipsam enim. Nostrum non impedit nam veniam voluptatem minus possimus.', 5, '2020-01-26 06:15:15', '2020-01-26 06:15:15'),
(164, 49, 'Herman Littel', 'Non qui ipsam omnis doloremque nam sed. Fugit ullam eos ut. Tempora reiciendis autem ullam ut impedit dolorum accusamus. Voluptatum ut sapiente labore excepturi rem dolor placeat. Nam odit iste nostrum autem praesentium est fugit.', 1, '2020-01-26 06:15:15', '2020-01-26 06:15:15'),
(165, 10, 'Mariana Willms', 'In nisi nam aut praesentium. Quam quam et tempora fugiat eaque. Vero sed perferendis harum veritatis. Error odio voluptatem voluptates perspiciatis harum.', 0, '2020-01-26 06:15:15', '2020-01-26 06:15:15'),
(166, 16, 'Delfina Kirlin Jr.', 'Rerum facilis odit iste est vel ex error aut. Asperiores laborum nisi provident iste et et nulla. Repellendus dignissimos et fugit et.', 2, '2020-01-26 06:15:15', '2020-01-26 06:15:15'),
(167, 30, 'Josie Cruickshank', 'Sed autem consequatur qui. Ut et et error et iusto sit cupiditate. Dolores qui accusantium non in saepe voluptate enim.', 1, '2020-01-26 06:15:15', '2020-01-26 06:15:15'),
(168, 3, 'Miracle Tillman', 'Deleniti ut molestiae qui accusantium nisi deserunt. Modi nobis tempore minima. Voluptates ex iure dolorum fugiat voluptas.', 5, '2020-01-26 06:15:15', '2020-01-26 06:15:15'),
(169, 34, 'Miss Jadyn Murphy MD', 'Minima laudantium ut perferendis magnam aliquid. Harum iusto omnis aut quae itaque. Nobis et blanditiis laborum sit dolor.', 2, '2020-01-26 06:15:15', '2020-01-26 06:15:15'),
(170, 7, 'Mr. Emerson Smith DDS', 'Debitis labore omnis veniam cupiditate deleniti voluptate. Eaque quibusdam blanditiis et quasi enim. Ad occaecati tempore quis minima aliquid. Architecto et expedita quidem voluptatem.', 0, '2020-01-26 06:15:15', '2020-01-26 06:15:15'),
(171, 29, 'Cecelia Hill II', 'Placeat nemo et dolore adipisci eaque. Ea magnam eos nesciunt similique cupiditate est et. Nemo nemo mollitia molestiae soluta occaecati et cum quis. Odio itaque ipsum dolores alias. Corporis saepe repellendus temporibus quia doloremque nobis.', 5, '2020-01-26 06:15:15', '2020-01-26 06:15:15'),
(172, 36, 'Shaniya Kirlin', 'Odio delectus quia nemo aliquid itaque enim consequatur. Suscipit corporis dicta voluptates accusantium fuga qui. Velit dolore consectetur ut aliquid nobis et repudiandae qui.', 5, '2020-01-26 06:15:15', '2020-01-26 06:15:15'),
(173, 39, 'Nigel Stoltenberg', 'Alias praesentium voluptatem quo sit accusamus. Aliquid repellendus cumque excepturi voluptatum vel optio illo. Similique aut neque labore quae illo eos tempora.', 1, '2020-01-26 06:15:15', '2020-01-26 06:15:15'),
(174, 8, 'Angelita Gerhold I', 'Voluptatum dolores commodi ipsa deserunt dolorum enim. Sit ut eligendi id harum possimus aut error.', 0, '2020-01-26 06:15:15', '2020-01-26 06:15:15'),
(175, 18, 'Xzavier Nicolas II', 'Dolores accusantium facere sint et earum et id. Quis voluptatem placeat voluptas. Hic porro hic aut ipsam. Distinctio amet dolor quo tempore quis facere qui ipsa.', 0, '2020-01-26 06:15:15', '2020-01-26 06:15:15'),
(176, 16, 'Mr. Urban Harber MD', 'Illo velit iste officia. Perferendis dolore eum alias maxime voluptatibus maxime aut. Sunt natus sed voluptatem et iusto. Dicta ut et sed ea nesciunt sequi voluptates.', 4, '2020-01-26 06:15:15', '2020-01-26 06:15:15'),
(177, 37, 'Mrs. Libby Feeney II', 'Minima quos reiciendis est saepe consequatur consequatur. Nobis ullam vero odit aut sapiente mollitia. Repellendus at vel architecto. Quia nihil officia laborum consequatur.', 1, '2020-01-26 06:15:15', '2020-01-26 06:15:15'),
(178, 26, 'Dwight Jacobi', 'Quo eum voluptatem perferendis ipsa enim. Quisquam molestias aut atque alias explicabo architecto doloremque. Accusamus veniam eius qui autem architecto vel nisi. Voluptatibus similique voluptatibus velit at.', 2, '2020-01-26 06:15:15', '2020-01-26 06:15:15'),
(179, 26, 'Marcus Bogisich', 'Atque harum id beatae at nihil autem quidem. Adipisci error vel dolores rem qui. Sit neque perspiciatis consectetur id.', 4, '2020-01-26 06:15:15', '2020-01-26 06:15:15'),
(180, 40, 'Margaret O\'Keefe', 'Quo quia repudiandae ipsa enim est modi. Repudiandae qui placeat fugiat est iste.', 3, '2020-01-26 06:15:15', '2020-01-26 06:15:15'),
(181, 26, 'Dr. Adam Mayert PhD', 'Excepturi deleniti ut dolores. Ab vitae sit adipisci in similique sed. Inventore pariatur voluptatem veritatis sint. Totam magnam illum quia esse alias consectetur veritatis. Labore nostrum reprehenderit officiis minus hic quos.', 4, '2020-01-26 06:15:15', '2020-01-26 06:15:15'),
(182, 2, 'Zora Schiller', 'Ut debitis vitae blanditiis sequi. Qui commodi sit ut sint et odio. Cum fugit ex non perspiciatis laudantium non. In asperiores eum eos quisquam aliquam eveniet.', 2, '2020-01-26 06:15:15', '2020-01-26 06:15:15'),
(183, 10, 'Lucile Johnson', 'Architecto eum praesentium rerum eos veritatis at. Qui porro necessitatibus voluptatem non rerum aliquam culpa. Dolores nisi est at sapiente autem accusamus. Voluptas aut doloribus id ab vero.', 3, '2020-01-26 06:15:15', '2020-01-26 06:15:15'),
(184, 3, 'Mr. Harvey Kuhlman MD', 'Enim quos sint voluptatem exercitationem et ut enim. Velit tempora tempore ipsum explicabo consequatur nobis similique. Est dolorum dolores aut.', 0, '2020-01-26 06:15:15', '2020-01-26 06:15:15'),
(185, 25, 'Aurelie Jacobi', 'Eveniet natus ullam et iusto unde. Quo vitae molestiae sit itaque quia autem cum. Velit eos quod est temporibus porro consequatur quos. Sit numquam quis natus rem dolore omnis.', 4, '2020-01-26 06:15:15', '2020-01-26 06:15:15'),
(186, 35, 'Carmen Becker', 'Eaque expedita quia ut aut sed. Molestiae qui sunt minima molestiae nisi dolores. Aut quo natus id.', 0, '2020-01-26 06:15:15', '2020-01-26 06:15:15'),
(187, 3, 'Mavis Frami', 'Ea minus sit unde quia. Dolores quis tempore nulla quia omnis facere est. Minus dolorum ea sunt sunt minus. Laborum sed sunt quidem incidunt repellat autem rerum necessitatibus.', 1, '2020-01-26 06:15:15', '2020-01-26 06:15:15'),
(188, 40, 'Alvera Adams', 'Voluptatem et cum qui sed iure ex. Fugit ea praesentium nulla corporis. Porro qui culpa aut sit et ut beatae.', 0, '2020-01-26 06:15:15', '2020-01-26 06:15:15'),
(189, 35, 'Annamae Quitzon MD', 'Delectus ut quasi cumque illum quia ut aliquam. Eveniet saepe nobis aut. Officia veritatis ab ullam dolorem.', 0, '2020-01-26 06:15:16', '2020-01-26 06:15:16'),
(190, 6, 'Colleen Carter', 'Blanditiis eos voluptates saepe eligendi. Et dolore veniam ea neque ducimus nemo. Dolor excepturi assumenda sapiente asperiores placeat rerum. Ab sequi quis non quos et.', 2, '2020-01-26 06:15:16', '2020-01-26 06:15:16'),
(191, 50, 'Prof. Dahlia Marks II', 'Dolorem consectetur occaecati officia in quae ipsam. Nulla deleniti doloremque ea voluptas dolorem non rerum. Ut quo dolores fuga sed officia. Et sapiente vitae voluptatem ab.', 3, '2020-01-26 06:15:16', '2020-01-26 06:15:16'),
(192, 19, 'Mr. Luther Ankunding IV', 'Commodi deleniti est labore ducimus. Blanditiis debitis perspiciatis repellat quos eveniet omnis et.', 2, '2020-01-26 06:15:16', '2020-01-26 06:15:16'),
(193, 29, 'Mr. Pierre Stanton', 'Assumenda enim modi officiis. Cum reprehenderit modi illo similique. Impedit excepturi eveniet facere. Doloremque vitae veniam ipsum sed voluptatibus recusandae quis rerum.', 4, '2020-01-26 06:15:16', '2020-01-26 06:15:16'),
(194, 37, 'Prof. Cory Kling', 'Quidem molestiae et suscipit eum. Quidem quas pariatur asperiores dolores.', 2, '2020-01-26 06:15:16', '2020-01-26 06:15:16'),
(195, 17, 'Lorna Lynch', 'Qui omnis quo laudantium voluptas. Debitis ea commodi nesciunt temporibus accusamus necessitatibus aliquam labore. Et autem voluptas dolorum similique quibusdam eius non.', 3, '2020-01-26 06:15:16', '2020-01-26 06:15:16'),
(196, 9, 'Bernice Doyle', 'Enim nam ad occaecati ut eum voluptatem. Qui quisquam temporibus vel explicabo minus cumque. Nemo aspernatur molestiae nihil eum ipsa voluptas. Explicabo fugiat dolor aperiam in officiis.', 1, '2020-01-26 06:15:16', '2020-01-26 06:15:16'),
(197, 24, 'Izabella Spencer', 'Molestiae quo rerum similique ipsum corrupti vitae. Odio blanditiis quo nam. Autem excepturi natus eos tenetur et laborum.', 5, '2020-01-26 06:15:16', '2020-01-26 06:15:16'),
(198, 37, 'Marcellus Wisoky', 'Possimus laudantium sunt deserunt ut laboriosam. Quia iure quasi laboriosam autem quo eos dignissimos. Dicta aut ut dicta.', 1, '2020-01-26 06:15:16', '2020-01-26 06:15:16'),
(199, 10, 'Madge Dooley', 'Commodi natus quia facilis ea error. Eaque aperiam sequi quo reprehenderit. Veritatis quam incidunt molestiae ut est in.', 3, '2020-01-26 06:15:16', '2020-01-26 06:15:16'),
(200, 29, 'Lonzo Ankunding', 'Aut sit facilis et odio omnis impedit. Suscipit autem et assumenda commodi a quos. Tenetur esse quam autem tempora reiciendis sit sequi.', 0, '2020-01-26 06:15:16', '2020-01-26 06:15:16'),
(201, 14, 'Lincoln Grimes', 'Praesentium fugiat quisquam et natus cumque cupiditate officia. Quis eos sit alias nulla at illum beatae. Provident ex rerum rerum pariatur eos corrupti porro.', 0, '2020-01-26 06:15:16', '2020-01-26 06:15:16'),
(202, 42, 'Orland Ernser III', 'Cupiditate qui et tempora ipsum vel provident nesciunt nisi. Aut totam maxime ut ea quia perferendis temporibus earum. Voluptatem quisquam consequatur odio doloremque quo omnis ipsam corporis. Eaque placeat blanditiis autem aut optio.', 4, '2020-01-26 06:15:16', '2020-01-26 06:15:16'),
(203, 37, 'Kamille Kozey', 'Laboriosam quia voluptatem incidunt qui quia dolor maiores aut. Voluptatum labore itaque enim quo. Facilis voluptatem odio praesentium consequatur delectus repudiandae nisi.', 2, '2020-01-26 06:15:16', '2020-01-26 06:15:16'),
(204, 49, 'Prof. Domingo Skiles DDS', 'Saepe similique est aliquid autem laudantium. Qui inventore modi alias suscipit.', 5, '2020-01-26 06:15:16', '2020-01-26 06:15:16'),
(205, 24, 'Eliane Homenick', 'Mollitia officia ducimus excepturi non hic. At et asperiores dolorum maiores. Non in quas sit facilis iusto. Culpa enim sint quis odit iure laboriosam.', 2, '2020-01-26 06:15:16', '2020-01-26 06:15:16'),
(206, 2, 'Casper Kub', 'Est ea quam ab natus aut quos qui velit. Rerum consequatur doloremque molestias alias qui. Fugit ea at sed architecto a cupiditate consequatur. Aut quae distinctio fuga minus.', 3, '2020-01-26 06:15:16', '2020-01-26 06:15:16'),
(207, 29, 'Miss Aisha Wolff', 'Inventore veritatis quisquam officia doloribus voluptatibus unde ut doloremque. Ut quae culpa veniam ut. Necessitatibus fugit temporibus ea.', 1, '2020-01-26 06:15:16', '2020-01-26 06:15:16'),
(208, 25, 'Alana Leannon', 'Repellendus fugiat est at dignissimos. Eum doloribus ex vero consequuntur. Omnis ut doloremque quos omnis ea sit ea. Qui dicta quos ut.', 1, '2020-01-26 06:15:16', '2020-01-26 06:15:16'),
(209, 18, 'Prof. Mittie Schinner PhD', 'Recusandae maiores magnam expedita. Asperiores ullam accusantium et dolorem doloribus voluptatem non provident.', 3, '2020-01-26 06:15:16', '2020-01-26 06:15:16');
INSERT INTO `reviews` (`id`, `product_id`, `customer`, `review`, `star`, `created_at`, `updated_at`) VALUES
(210, 46, 'Sofia Bins', 'Quod soluta iste aut reprehenderit deserunt eaque. Illo qui quasi iure eveniet est sed non. Qui suscipit accusantium quasi sit omnis quia non quia.', 0, '2020-01-26 06:15:16', '2020-01-26 06:15:16'),
(211, 45, 'Prof. Camila Welch', 'Qui dolor soluta eum sit dolores. Sapiente cum perferendis autem velit dolor voluptates quisquam. Blanditiis ab et et qui debitis.', 3, '2020-01-26 06:15:16', '2020-01-26 06:15:16'),
(212, 14, 'Prof. Uriel Bashirian DVM', 'Ratione alias ab corrupti aliquam qui. Et sed et praesentium et exercitationem error. Asperiores dolorum nobis rerum qui non eligendi neque.', 0, '2020-01-26 06:15:16', '2020-01-26 06:15:16'),
(213, 40, 'Prof. Jovanny Casper DVM', 'A ullam sed nisi enim velit quis aliquam est. Ex sequi eligendi iure quia molestiae rerum et. Eum in ea voluptatum suscipit consequatur pariatur neque.', 2, '2020-01-26 06:15:16', '2020-01-26 06:15:16'),
(214, 30, 'Wayne Weissnat', 'Consectetur fugiat sed ducimus qui est doloremque esse adipisci. Debitis rerum consectetur consequatur qui.', 2, '2020-01-26 06:15:16', '2020-01-26 06:15:16'),
(215, 22, 'Adan Murazik', 'Ipsa impedit omnis nemo non. Non autem aut omnis atque officia. Repellendus labore eum sequi cumque minus est debitis. Quae ab nisi dolorum inventore vero.', 4, '2020-01-26 06:15:16', '2020-01-26 06:15:16'),
(216, 44, 'Mr. Easton Wolf III', 'Temporibus eius saepe vel sed. Nobis ut veniam quo voluptatem. Doloribus iusto esse qui voluptatum.', 1, '2020-01-26 06:15:16', '2020-01-26 06:15:16'),
(217, 1, 'Miss Pearline Streich', 'Itaque blanditiis blanditiis rerum temporibus. Inventore nostrum optio unde culpa natus magnam velit. Quo delectus unde rerum quo eligendi ducimus. Ut reprehenderit aut placeat maiores dignissimos cupiditate.', 4, '2020-01-26 06:15:16', '2020-01-26 06:15:16'),
(218, 11, 'Prof. Monique Mraz', 'Quia sint voluptate ab minus voluptate facilis corrupti. Aut quis voluptate nihil porro. Et qui ut ipsam possimus expedita.', 3, '2020-01-26 06:15:16', '2020-01-26 06:15:16'),
(219, 20, 'Olin Klein', 'Inventore consequuntur sed nihil architecto deleniti. Enim sit in quis eos doloribus. Quis quis non tempora sed necessitatibus.', 1, '2020-01-26 06:15:16', '2020-01-26 06:15:16'),
(220, 48, 'Alfredo Hettinger II', 'Sint qui quisquam est architecto id dolor voluptatum. Sed molestias quasi sequi amet eos. Quasi ipsum dignissimos vel qui quia consequatur sint.', 1, '2020-01-26 06:15:16', '2020-01-26 06:15:16'),
(221, 5, 'Emelie Aufderhar', 'Quia molestiae voluptas praesentium sit dolorem. Similique qui ut libero alias. Consequatur doloribus repellat ut vero aut eligendi.', 5, '2020-01-26 06:15:16', '2020-01-26 06:15:16'),
(222, 3, 'Katrine Roob', 'Velit excepturi est sed facilis. Error qui ducimus ea. Molestiae quibusdam et sit ut.', 1, '2020-01-26 06:15:16', '2020-01-26 06:15:16'),
(223, 40, 'Christa Howe', 'Numquam ex autem eveniet iusto ea fuga error. Dolor quos autem voluptatum magnam consequuntur sit. Magnam perspiciatis sunt facilis explicabo consequatur consequatur.', 5, '2020-01-26 06:15:16', '2020-01-26 06:15:16'),
(224, 38, 'Dr. Skye Brakus DDS', 'Eligendi temporibus quia quam voluptas illum ratione itaque. Est molestiae id qui. Vel dolorem numquam optio velit et voluptatem in.', 3, '2020-01-26 06:15:16', '2020-01-26 06:15:16'),
(225, 22, 'Jovani Kuhn', 'Autem et ut perferendis reprehenderit et tempora nihil. Quas quia nobis vero et qui. Perspiciatis minus quia quam.', 5, '2020-01-26 06:15:16', '2020-01-26 06:15:16'),
(226, 24, 'Mr. Doris Kautzer V', 'Eos aut fugit itaque consequatur qui non natus aut. Et hic dolorum veritatis maiores dolores velit ex. Quisquam vel dolores sit omnis id quos ut. In quidem quod corrupti in.', 0, '2020-01-26 06:15:16', '2020-01-26 06:15:16'),
(227, 26, 'Adah Heidenreich', 'Dolorum iste sit dicta sint eos magni vel. Corporis voluptates ea ad velit sed placeat. Qui illo consequatur dolor amet.', 4, '2020-01-26 06:15:16', '2020-01-26 06:15:16'),
(228, 27, 'Mr. Amari Grady', 'Animi quas quod mollitia ex voluptates repellendus laboriosam non. Voluptas molestias voluptatum maxime. Alias accusamus itaque voluptatem. Corrupti et impedit fuga. Consequatur numquam esse ullam saepe.', 2, '2020-01-26 06:15:17', '2020-01-26 06:15:17'),
(229, 22, 'Marquise Cole', 'Exercitationem et eaque minus. Ipsum dolorem quam omnis quia. Labore ipsam consequatur omnis quia molestiae quibusdam et officia.', 4, '2020-01-26 06:15:17', '2020-01-26 06:15:17'),
(230, 24, 'Barry Armstrong', 'Ea molestiae laborum totam maiores minus. Unde officia quisquam quisquam cupiditate debitis voluptates. Blanditiis sed sunt autem tempora repellat et quaerat. Autem nostrum minima in natus error.', 4, '2020-01-26 06:15:17', '2020-01-26 06:15:17'),
(231, 47, 'Jadyn Miller', 'Accusamus saepe ipsam quos laudantium commodi sint. Non labore beatae molestiae voluptates quia est. Dolores eum dolor qui explicabo veniam.', 4, '2020-01-26 06:15:17', '2020-01-26 06:15:17'),
(232, 24, 'Nikko Kirlin', 'Nulla earum iure architecto et pariatur. Et ut eaque qui aut voluptatem autem. Voluptatum molestiae sit dignissimos ea.', 2, '2020-01-26 06:15:17', '2020-01-26 06:15:17'),
(233, 32, 'Rickie Wintheiser', 'Commodi magnam voluptatem voluptatem qui. Voluptas facere et dolorem voluptatem. Ratione iusto velit velit.', 4, '2020-01-26 06:15:17', '2020-01-26 06:15:17'),
(234, 9, 'Hiram Hoppe', 'Voluptatem nisi odio autem corrupti. Animi ducimus dolorem qui earum quaerat ut dicta. Et voluptatem adipisci ut sed omnis exercitationem. Labore porro fugit quos voluptatem velit. Totam facilis nesciunt excepturi quis.', 3, '2020-01-26 06:15:17', '2020-01-26 06:15:17'),
(235, 33, 'Daija Funk', 'Consectetur voluptatum illo voluptatem nihil ullam necessitatibus. Quia numquam sit commodi possimus qui. Nisi eum omnis quam et est delectus.', 2, '2020-01-26 06:15:17', '2020-01-26 06:15:17'),
(236, 24, 'Dr. Mario Mante', 'Est aperiam quae vel eos minima neque sit voluptatem. Ratione omnis animi tempora quibusdam dolor. Ab minus tempora suscipit excepturi ut minus culpa. Quia quae atque nihil hic.', 4, '2020-01-26 06:15:17', '2020-01-26 06:15:17'),
(237, 20, 'Brandi Schroeder', 'Est maxime sapiente ipsa unde et repellat sunt omnis. Dolore quod labore consequuntur tempora odit sequi nulla.', 1, '2020-01-26 06:15:17', '2020-01-26 06:15:17'),
(238, 33, 'Jerad Hane V', 'Veritatis quia dignissimos aliquid odit. Cupiditate et dolore consequatur voluptas velit nulla. Voluptatibus ea et consequatur voluptatum qui. Ipsa et alias autem.', 2, '2020-01-26 06:15:17', '2020-01-26 06:15:17'),
(239, 29, 'Jakayla Gusikowski', 'Voluptas quis assumenda asperiores sapiente culpa. Voluptatum exercitationem iste minus id voluptas aut nam quis. Ut libero sed eum et laboriosam velit nulla ad. Sed mollitia in laudantium dolores quasi consequatur. Et laboriosam est consectetur et ullam ut ut nobis.', 3, '2020-01-26 06:15:17', '2020-01-26 06:15:17'),
(240, 34, 'Ike Gutmann', 'Beatae voluptas voluptas non voluptatem cupiditate et error. Sunt nobis iusto provident tenetur et dolorem exercitationem quibusdam. Ea excepturi accusamus ratione nisi. Necessitatibus modi perspiciatis facere sapiente aliquam harum sed.', 2, '2020-01-26 06:15:17', '2020-01-26 06:15:17'),
(241, 6, 'Mr. Parker Quigley IV', 'Deserunt optio quam totam at. Quod saepe fugiat cumque rerum totam labore et.', 4, '2020-01-26 06:15:17', '2020-01-26 06:15:17'),
(242, 22, 'Missouri Ward', 'Placeat totam est fuga est dolor et. Dolores et qui et cumque aut tempore. Rerum eius perferendis ad harum harum eum. Soluta sunt soluta sunt. Et aut ab qui.', 1, '2020-01-26 06:15:17', '2020-01-26 06:15:17'),
(243, 24, 'Fletcher Kilback', 'Atque inventore nihil perspiciatis molestiae velit commodi ipsam est. Fugit aliquid atque excepturi aut. Perferendis ipsam architecto reprehenderit nobis.', 5, '2020-01-26 06:15:17', '2020-01-26 06:15:17'),
(244, 24, 'Russel Lesch', 'Sit voluptatem voluptatem magnam maiores ducimus consequatur. Error id consequuntur unde voluptatem ratione. Hic esse illo provident quisquam veniam.', 2, '2020-01-26 06:15:17', '2020-01-26 06:15:17'),
(245, 46, 'Jackeline Weber', 'Enim sapiente sed dolorem sint. Sunt dolores aperiam voluptates cumque distinctio. Aperiam sint error qui tenetur. Cum voluptate aliquam officia. Quia vel excepturi molestias dicta laudantium illo voluptas.', 2, '2020-01-26 06:15:17', '2020-01-26 06:15:17'),
(246, 9, 'Luisa Wehner', 'Quisquam alias aut amet nihil enim. In consectetur facilis dignissimos. Repellat blanditiis quidem mollitia nemo magnam eveniet iste. Sint nihil maxime consequuntur placeat.', 4, '2020-01-26 06:15:17', '2020-01-26 06:15:17'),
(247, 16, 'Prof. Caden Block Sr.', 'Ut et sit blanditiis quibusdam sunt quibusdam est. Tempora quidem sapiente nisi sed ut dolorem omnis atque. Culpa repellendus rem id esse. Rerum excepturi aut illum recusandae ipsam quis. Sed quam expedita nobis ducimus ipsa non.', 4, '2020-01-26 06:15:17', '2020-01-26 06:15:17'),
(248, 11, 'Prof. Kris Kiehn I', 'Est non a aspernatur vel accusantium deleniti. Aspernatur eveniet qui eaque voluptas. Sit sed velit ipsam.', 3, '2020-01-26 06:15:17', '2020-01-26 06:15:17'),
(249, 3, 'Foster Stroman', 'Officia aliquid porro rerum quis hic sed. Unde vero rem similique omnis qui. Nisi sequi magni maxime numquam est at.', 1, '2020-01-26 06:15:17', '2020-01-26 06:15:17'),
(250, 16, 'Rogers Kutch', 'Sint quod sint quibusdam consequatur saepe reprehenderit. Vel explicabo illum ab. Aperiam rerum deserunt fugit dolores est explicabo.', 2, '2020-01-26 06:15:17', '2020-01-26 06:15:17'),
(251, 18, 'Dax Fahey', 'Unde occaecati quam sit sapiente amet. Ipsa earum et doloribus facere voluptatem quo. Distinctio enim corporis quasi molestiae ea.', 3, '2020-01-26 06:15:17', '2020-01-26 06:15:17'),
(252, 35, 'Dr. Marcelo Renner', 'Qui eveniet placeat tenetur. Et est et excepturi a numquam aut sequi. Rem tempora provident quisquam labore.', 5, '2020-01-26 06:15:17', '2020-01-26 06:15:17'),
(253, 1, 'Bettye Bahringer Sr.', 'Sed ad beatae voluptate qui voluptatem ad et. Assumenda ea aut eveniet ratione iusto nobis. Necessitatibus ut recusandae recusandae a dicta eveniet laborum.', 2, '2020-01-26 06:15:17', '2020-01-26 06:15:17'),
(254, 11, 'Nasir Strosin', 'Placeat molestiae saepe ea quam consequuntur. Nisi sit autem rerum temporibus nam non vel aut. Iusto quibusdam rem qui id ex.', 2, '2020-01-26 06:15:17', '2020-01-26 06:15:17'),
(255, 24, 'Sadye Simonis', 'Quia et perspiciatis esse esse ducimus. Et animi consectetur temporibus debitis.', 0, '2020-01-26 06:15:17', '2020-01-26 06:15:17'),
(256, 13, 'Flavie Beatty II', 'Amet necessitatibus quo dolorem perferendis. Sint tempore sit ut est possimus. Assumenda tempora sed vero et neque non provident. Dolor commodi debitis voluptas non vel.', 2, '2020-01-26 06:15:17', '2020-01-26 06:15:17'),
(257, 23, 'Dan Kuphal II', 'Maxime eaque et qui fuga omnis recusandae. Consequatur culpa quidem totam ut quae quidem. Est rerum libero voluptatum est voluptatem velit. Qui rerum et itaque quasi.', 5, '2020-01-26 06:15:17', '2020-01-26 06:15:17'),
(258, 10, 'Jerrell Kuvalis', 'Delectus possimus alias libero architecto mollitia reiciendis nobis quibusdam. Consequuntur dicta nisi quasi non et ut cum. Ratione quia deserunt numquam.', 3, '2020-01-26 06:15:17', '2020-01-26 06:15:17'),
(259, 18, 'Judy Ullrich', 'Saepe rerum voluptatem quia voluptatibus. Velit quasi voluptas doloremque officiis inventore quia. At ipsam nam magnam possimus rerum quo consequatur.', 4, '2020-01-26 06:15:17', '2020-01-26 06:15:17'),
(260, 22, 'Maude Jaskolski', 'Necessitatibus dolorem fuga explicabo harum commodi eius illo. Nostrum repudiandae blanditiis odio neque magnam. Ipsam aut quia laborum hic quaerat eum alias provident.', 3, '2020-01-26 06:15:17', '2020-01-26 06:15:17'),
(261, 36, 'Cortney Tremblay', 'Sit rem eos quis impedit numquam libero autem. Odit quae quae minus eligendi unde et. Unde aut dolore quaerat et qui omnis temporibus omnis. Dolor tempore iure explicabo porro quisquam.', 1, '2020-01-26 06:15:17', '2020-01-26 06:15:17'),
(262, 2, 'Ms. Eva Gorczany III', 'Ut ducimus quia et fugit. Dolorem quos voluptatem qui quia et. Expedita animi quae et rerum unde. Soluta exercitationem id nihil aut quas rem dolorem.', 4, '2020-01-26 06:15:17', '2020-01-26 06:15:17'),
(263, 42, 'Sincere Goldner', 'Praesentium aperiam aut in reprehenderit. Dolorum sequi vero blanditiis. Enim inventore placeat sapiente sed. Sit et magnam cum facilis ducimus est velit.', 0, '2020-01-26 06:15:17', '2020-01-26 06:15:17'),
(264, 39, 'Lloyd Hodkiewicz III', 'Soluta exercitationem aut mollitia. Minima officia qui qui id vel blanditiis. Nemo provident ipsum sit. Dolores iusto quibusdam maxime libero et.', 1, '2020-01-26 06:15:17', '2020-01-26 06:15:17'),
(265, 6, 'Dr. Chaim Towne', 'Qui doloremque aut a et dignissimos occaecati et eligendi. Ea ut ad voluptatem totam eligendi. Eligendi beatae in ab qui enim odit.', 1, '2020-01-26 06:15:17', '2020-01-26 06:15:17'),
(266, 50, 'Flavie Flatley', 'Nulla in veniam dolores non sit beatae doloremque sunt. Magni odit tempore quia est at. Fugit id placeat delectus provident cum sit qui. Debitis est deserunt inventore similique nesciunt esse perferendis sed.', 3, '2020-01-26 06:15:18', '2020-01-26 06:15:18'),
(267, 22, 'Molly Auer', 'Consequatur necessitatibus quisquam voluptatibus laboriosam alias. Nisi mollitia qui quia nihil. Aut quia vel aut corrupti rerum velit amet. Qui consequuntur maxime molestiae.', 1, '2020-01-26 06:15:18', '2020-01-26 06:15:18'),
(268, 8, 'Joany Keeling', 'Laudantium qui non a et reiciendis nemo non. Cum ducimus quia doloribus.', 3, '2020-01-26 06:15:18', '2020-01-26 06:15:18'),
(269, 44, 'Rubye Lebsack', 'Quis earum et est aliquid. Dolore porro hic ut vel minus. Quidem doloribus qui et sint odit ullam unde repellendus.', 2, '2020-01-26 06:15:18', '2020-01-26 06:15:18'),
(270, 35, 'Lizeth Eichmann', 'Neque esse suscipit natus eius aspernatur quia sed. Aut explicabo unde omnis et sed. Minima sit reiciendis asperiores voluptatibus.', 4, '2020-01-26 06:15:18', '2020-01-26 06:15:18'),
(271, 22, 'Josie Reichel', 'Quam nesciunt voluptas ut fuga alias. Saepe unde sint odit fuga. Beatae eum minima quasi laboriosam. Est sint sint sint itaque quo aspernatur.', 3, '2020-01-26 06:15:18', '2020-01-26 06:15:18'),
(272, 46, 'Ken Quigley', 'Quo illo voluptatibus cumque quia. Temporibus qui saepe qui sunt adipisci ea. Dolorem accusantium dolorum aliquid vitae. Alias ipsa ipsa non.', 1, '2020-01-26 06:15:18', '2020-01-26 06:15:18'),
(273, 41, 'Johnson Krajcik', 'Ut sint autem sunt omnis quia. Cupiditate et explicabo in blanditiis. Dolore doloribus ea quasi eveniet laborum quia vero omnis.', 4, '2020-01-26 06:15:18', '2020-01-26 06:15:18'),
(274, 35, 'Emory Mosciski', 'Quis qui quidem mollitia culpa expedita sed excepturi. Porro porro maiores perspiciatis animi doloribus praesentium. Labore qui magnam doloribus amet.', 5, '2020-01-26 06:15:18', '2020-01-26 06:15:18'),
(275, 40, 'Ms. Tianna Emmerich PhD', 'Voluptatum sed natus qui qui praesentium cumque. Itaque numquam deleniti occaecati provident soluta unde perspiciatis. Aut omnis et cumque mollitia nihil aliquam. Consectetur officia occaecati est dolores.', 1, '2020-01-26 06:15:18', '2020-01-26 06:15:18'),
(276, 40, 'Ibrahim Larson V', 'Sunt rerum labore sed dolore sed temporibus quia. Repellat aut animi quo ut ut.', 4, '2020-01-26 06:15:18', '2020-01-26 06:15:18'),
(277, 32, 'Veda Bogisich', 'Iure autem et dolores dolorum minima amet. Earum inventore dicta dicta maiores assumenda enim ratione.', 2, '2020-01-26 06:15:18', '2020-01-26 06:15:18'),
(278, 25, 'Miss Linnie Larson DDS', 'Beatae harum harum reprehenderit eveniet similique et voluptatem. Laudantium aliquam rem temporibus quisquam. Ut cupiditate quos consequatur alias animi voluptas magnam. Consequatur nobis perspiciatis optio voluptatem voluptatum natus ducimus.', 1, '2020-01-26 06:15:18', '2020-01-26 06:15:18'),
(279, 8, 'Ms. Sylvia Huels', 'Est alias fugiat modi laboriosam voluptatem repudiandae praesentium qui. Suscipit voluptatibus eveniet porro et nesciunt. Tempora placeat animi perferendis non nemo.', 3, '2020-01-26 06:15:18', '2020-01-26 06:15:18'),
(280, 7, 'Laverna Anderson DDS', 'Quam quaerat hic occaecati incidunt. Dolorem facilis atque neque atque deleniti sint. Amet inventore est nulla quibusdam ut. Delectus id culpa sit molestiae sunt omnis.', 2, '2020-01-26 06:15:18', '2020-01-26 06:15:18'),
(281, 7, 'Deion Borer', 'A et est sed iure optio. Laborum asperiores aut impedit praesentium blanditiis unde saepe placeat. Enim omnis earum vel occaecati laboriosam. Et sit est sint veritatis ipsam et et. Tempora hic quos veritatis eos.', 4, '2020-01-26 06:15:18', '2020-01-26 06:15:18'),
(282, 20, 'Spencer O\'Hara', 'Eos inventore et dolor veritatis qui. Ipsum odit similique et omnis. Impedit voluptatem temporibus maiores molestias. Provident mollitia quam a porro minus est.', 3, '2020-01-26 06:15:18', '2020-01-26 06:15:18'),
(283, 30, 'Caterina Bosco', 'Ea at laborum fuga culpa quas illo omnis ab. Voluptatum veritatis aut consequatur odit eius libero corporis. Nemo alias adipisci esse. Modi quia enim et ea illo.', 2, '2020-01-26 06:15:18', '2020-01-26 06:15:18'),
(284, 28, 'Veronica Feil', 'Nesciunt nostrum molestias enim placeat ut accusantium nulla. Quisquam dolorum ut possimus itaque occaecati dicta rerum.', 5, '2020-01-26 06:15:18', '2020-01-26 06:15:18'),
(285, 12, 'Elza Wolff', 'Consequatur earum fugit error dolor dolores. Non est est qui molestiae ut adipisci. Fuga quasi quia dolores autem ut sit.', 1, '2020-01-26 06:15:18', '2020-01-26 06:15:18'),
(286, 41, 'Eldridge Thiel PhD', 'Magni repellendus dignissimos omnis ab voluptatem commodi quod delectus. In eligendi dolor et ipsa quae et qui. Delectus et aliquam omnis nihil odit ipsa at. Et tempore quidem facilis inventore rerum sint.', 3, '2020-01-26 06:15:18', '2020-01-26 06:15:18'),
(287, 37, 'Dr. Lennie Hudson', 'Error qui voluptas voluptatem laborum quibusdam vel. Adipisci inventore culpa asperiores in. Quasi illo quis dolorem ut pariatur nemo non. Nulla eius accusamus omnis. Eligendi voluptate ut suscipit aut sint aut quo.', 5, '2020-01-26 06:15:18', '2020-01-26 06:15:18'),
(288, 39, 'Kiana Adams DDS', 'Dolorem et tempora sapiente dolorem ut nulla. Qui commodi sit recusandae dolor est est possimus repellendus.', 2, '2020-01-26 06:15:18', '2020-01-26 06:15:18'),
(289, 31, 'Prof. Shayna Walsh III', 'Eius excepturi id et. Ea aut voluptatem reiciendis porro dolores esse et. Alias voluptatem et qui aut adipisci pariatur ut.', 0, '2020-01-26 06:15:18', '2020-01-26 06:15:18'),
(290, 44, 'Mr. Neil Lebsack', 'Et perferendis mollitia rem nihil qui nam. Nisi sunt nam ab facere officiis. Aliquam sint mollitia dolorum fugit alias distinctio illo totam. Sed et tempora quod et.', 4, '2020-01-26 06:15:18', '2020-01-26 06:15:18'),
(291, 9, 'Mrs. Claudia Kerluke II', 'Dolor illum porro perspiciatis aut totam voluptatem. Qui corrupti qui repellendus laborum et vel magni.', 1, '2020-01-26 06:15:18', '2020-01-26 06:15:18'),
(292, 2, 'Andy Rath', 'Neque ipsam omnis cupiditate. Eum consequatur sed neque ut perferendis voluptas. Pariatur qui est excepturi dolore cumque. Dolores perspiciatis quo sint error labore voluptatem ut doloremque.', 3, '2020-01-26 06:15:18', '2020-01-26 06:15:18'),
(293, 9, 'Joelle Satterfield', 'Voluptatem sed perspiciatis ea officiis consequatur sit. Sunt quae temporibus vel exercitationem. Dolores cupiditate ipsam voluptatem in eos vel id.', 2, '2020-01-26 06:15:18', '2020-01-26 06:15:18'),
(294, 23, 'Mac Spencer', 'Reiciendis perferendis impedit et ut maiores. Unde a amet aut ipsa quo officiis pariatur. Assumenda ex est culpa neque nam.', 3, '2020-01-26 06:15:18', '2020-01-26 06:15:18'),
(295, 35, 'Margarita Gottlieb DVM', 'Autem eos architecto deserunt aut autem et nulla nulla. Voluptates deleniti tempora sed dolor. Aliquid nobis ullam at error provident praesentium. Fugiat deleniti in commodi et vitae mollitia soluta.', 3, '2020-01-26 06:15:18', '2020-01-26 06:15:18'),
(296, 6, 'Tad Buckridge', 'Deleniti sequi omnis et animi vel molestiae id. Autem qui est eum debitis enim minima. Eveniet animi commodi aut praesentium dolores ut eos. Occaecati est dolorem corrupti dolor cumque.', 0, '2020-01-26 06:15:18', '2020-01-26 06:15:18'),
(297, 11, 'Madeline Bayer', 'Consequatur eligendi suscipit voluptatem saepe provident non qui qui. Quia quod eos quia. Culpa incidunt quidem et ab earum voluptas et.', 1, '2020-01-26 06:15:18', '2020-01-26 06:15:18'),
(298, 5, 'Prof. Carolanne Carroll Jr.', 'Quam laudantium omnis dolorem odio. Nulla qui impedit velit sed rem sunt. Sapiente illum asperiores veniam quo inventore quae sint dolore.', 1, '2020-01-26 06:15:18', '2020-01-26 06:15:18'),
(299, 42, 'Ms. Susie Von', 'Aut impedit quia aut debitis esse corporis et. Veritatis laborum debitis odio ut expedita quo laborum culpa. Doloremque repellendus ut dolorem ullam sequi non.', 0, '2020-01-26 06:15:18', '2020-01-26 06:15:18'),
(300, 15, 'Chanelle Lowe', 'Quia at veniam omnis qui. Voluptatem alias aspernatur eius a nobis commodi totam.', 0, '2020-01-26 06:15:18', '2020-01-26 06:15:18');

-- --------------------------------------------------------

--
-- Table structure for table `users`
--

CREATE TABLE `users` (
  `id` bigint(20) UNSIGNED NOT NULL,
  `name` varchar(255) COLLATE utf8mb4_unicode_ci NOT NULL,
  `email` varchar(255) COLLATE utf8mb4_unicode_ci NOT NULL,
  `email_verified_at` timestamp NULL DEFAULT NULL,
  `password` varchar(255) COLLATE utf8mb4_unicode_ci NOT NULL,
  `remember_token` varchar(100) COLLATE utf8mb4_unicode_ci DEFAULT NULL,
  `created_at` timestamp NULL DEFAULT NULL,
  `updated_at` timestamp NULL DEFAULT NULL
) ENGINE=InnoDB DEFAULT CHARSET=utf8mb4 COLLATE=utf8mb4_unicode_ci;

--
-- Dumping data for table `users`
--

INSERT INTO `users` (`id`, `name`, `email`, `email_verified_at`, `password`, `remember_token`, `created_at`, `updated_at`) VALUES
(1, 'Prof. Joany Schuster Jr.', 'dokon@example.net', '2020-01-24 04:16:54', '$2y$10$92IXUNpkjO0rOQ5byMi.Ye4oKoEa3Ro9llC/.og/at2.uheWG/igi', 'aK4RZTKgal', '2020-01-24 04:16:55', '2020-01-24 04:16:55'),
(2, 'Edison Waelchi', 'xgleichner@example.org', '2020-01-24 04:16:58', '$2y$10$92IXUNpkjO0rOQ5byMi.Ye4oKoEa3Ro9llC/.og/at2.uheWG/igi', 'FV0jDaNcj5', '2020-01-24 04:16:58', '2020-01-24 04:16:58'),
(3, 'Tristin Champlin', 'tyra.kling@example.com', '2020-01-24 04:16:58', '$2y$10$92IXUNpkjO0rOQ5byMi.Ye4oKoEa3Ro9llC/.og/at2.uheWG/igi', 'fIStK8s4ZP', '2020-01-24 04:17:00', '2020-01-24 04:17:00'),
(4, 'Prof. Gussie Cummerata', 'cecelia.lemke@example.net', '2020-01-24 04:16:58', '$2y$10$92IXUNpkjO0rOQ5byMi.Ye4oKoEa3Ro9llC/.og/at2.uheWG/igi', 'YX4fnJBUqJ', '2020-01-24 04:17:01', '2020-01-24 04:17:01'),
(5, 'Mr. Hardy Mills DVM', 'chaz31@example.net', '2020-01-24 04:16:58', '$2y$10$92IXUNpkjO0rOQ5byMi.Ye4oKoEa3Ro9llC/.og/at2.uheWG/igi', 'XTMLyp9ySL', '2020-01-24 04:17:02', '2020-01-24 04:17:02'),
(6, 'Lynn Adams', 'fadel.felipe@example.org', '2020-01-24 04:16:58', '$2y$10$92IXUNpkjO0rOQ5byMi.Ye4oKoEa3Ro9llC/.og/at2.uheWG/igi', '2bLiGg4ggv', '2020-01-24 04:17:04', '2020-01-24 04:17:04'),
(7, 'Dr. Eryn Kris', 'elnora.ankunding@example.net', '2020-01-24 04:18:00', '$2y$10$92IXUNpkjO0rOQ5byMi.Ye4oKoEa3Ro9llC/.og/at2.uheWG/igi', 'zVf6OJ3LaF', '2020-01-24 04:18:00', '2020-01-24 04:18:00'),
(8, 'Trystan Corkery', 'strosin.jannie@example.org', '2020-01-24 04:18:00', '$2y$10$92IXUNpkjO0rOQ5byMi.Ye4oKoEa3Ro9llC/.og/at2.uheWG/igi', 'bXaumcINMR', '2020-01-24 04:18:00', '2020-01-24 04:18:00'),
(9, 'Mr. Gus Mueller', 'emery60@example.org', '2020-01-24 04:18:00', '$2y$10$92IXUNpkjO0rOQ5byMi.Ye4oKoEa3Ro9llC/.og/at2.uheWG/igi', 'r76zRnz51V', '2020-01-24 04:18:00', '2020-01-24 04:18:00'),
(10, 'Harrison Auer', 'hdoyle@example.net', '2020-01-24 04:18:00', '$2y$10$92IXUNpkjO0rOQ5byMi.Ye4oKoEa3Ro9llC/.og/at2.uheWG/igi', '9q6igBJgEX', '2020-01-24 04:18:00', '2020-01-24 04:18:00'),
(11, 'Elizabeth Walter', 'roob.jimmie@example.com', '2020-01-24 04:18:00', '$2y$10$92IXUNpkjO0rOQ5byMi.Ye4oKoEa3Ro9llC/.og/at2.uheWG/igi', 'q3L9w1RKbG', '2020-01-24 04:18:00', '2020-01-24 04:18:00'),
(12, 'Eloisa Funk', 'williamson.meggie@example.org', '2020-01-24 04:22:13', '$2y$10$92IXUNpkjO0rOQ5byMi.Ye4oKoEa3Ro9llC/.og/at2.uheWG/igi', 'ixXeChnAy5', '2020-01-24 04:22:13', '2020-01-24 04:22:13'),
(13, 'Prof. Buford Lynch II', 'forrest15@example.net', '2020-01-24 04:22:13', '$2y$10$92IXUNpkjO0rOQ5byMi.Ye4oKoEa3Ro9llC/.og/at2.uheWG/igi', 'SXbWy7UDjx', '2020-01-24 04:22:13', '2020-01-24 04:22:13'),
(14, 'Dr. Alek Fadel', 'alda.abernathy@example.net', '2020-01-24 04:22:13', '$2y$10$92IXUNpkjO0rOQ5byMi.Ye4oKoEa3Ro9llC/.og/at2.uheWG/igi', 'EyDsSz8MAE', '2020-01-24 04:22:13', '2020-01-24 04:22:13'),
(15, 'Miss Mariela Raynor', 'gibson.tess@example.com', '2020-01-24 04:22:13', '$2y$10$92IXUNpkjO0rOQ5byMi.Ye4oKoEa3Ro9llC/.og/at2.uheWG/igi', 'rUJaajXEqH', '2020-01-24 04:22:15', '2020-01-24 04:22:15'),
(16, 'Reymundo Feest DVM', 'thiel.margie@example.org', '2020-01-24 04:22:13', '$2y$10$92IXUNpkjO0rOQ5byMi.Ye4oKoEa3Ro9llC/.og/at2.uheWG/igi', 'rmphC7Pt9R', '2020-01-24 04:22:16', '2020-01-24 04:22:16'),
(17, 'Willa Mayer', 'asa46@example.net', '2020-01-24 04:22:57', '$2y$10$92IXUNpkjO0rOQ5byMi.Ye4oKoEa3Ro9llC/.og/at2.uheWG/igi', 'awv1Vbf8gj', '2020-01-24 04:22:57', '2020-01-24 04:22:57'),
(18, 'Vanessa McClure I', 'wcartwright@example.net', '2020-01-24 04:22:57', '$2y$10$92IXUNpkjO0rOQ5byMi.Ye4oKoEa3Ro9llC/.og/at2.uheWG/igi', 'qEeB0kVYac', '2020-01-24 04:22:58', '2020-01-24 04:22:58'),
(19, 'Xavier Bechtelar', 'wolff.nigel@example.com', '2020-01-24 04:22:57', '$2y$10$92IXUNpkjO0rOQ5byMi.Ye4oKoEa3Ro9llC/.og/at2.uheWG/igi', '0U8Yq0bDTm', '2020-01-24 04:22:59', '2020-01-24 04:22:59'),
(20, 'Mark Kshlerin', 'katheryn.jast@example.com', '2020-01-24 04:22:57', '$2y$10$92IXUNpkjO0rOQ5byMi.Ye4oKoEa3Ro9llC/.og/at2.uheWG/igi', 'UZ8rChBYbA', '2020-01-24 04:23:00', '2020-01-24 04:23:00'),
(21, 'Rebecca Bogisich', 'khackett@example.net', '2020-01-24 04:22:57', '$2y$10$92IXUNpkjO0rOQ5byMi.Ye4oKoEa3Ro9llC/.og/at2.uheWG/igi', 'a9MvUFyu28', '2020-01-24 04:23:03', '2020-01-24 04:23:03'),
(22, 'Josh Schuppe Sr.', 'hthiel@example.com', '2020-01-24 04:25:40', '$2y$10$92IXUNpkjO0rOQ5byMi.Ye4oKoEa3Ro9llC/.og/at2.uheWG/igi', 'ZxOGgYR3Nz', '2020-01-24 04:25:40', '2020-01-24 04:25:40'),
(23, 'Dr. Bryon Jenkins DDS', 'jackeline58@example.org', '2020-01-24 04:25:40', '$2y$10$92IXUNpkjO0rOQ5byMi.Ye4oKoEa3Ro9llC/.og/at2.uheWG/igi', '0kabYMA429', '2020-01-24 04:25:40', '2020-01-24 04:25:40'),
(24, 'Haskell Hintz', 'satterfield.daphnee@example.org', '2020-01-24 04:25:40', '$2y$10$92IXUNpkjO0rOQ5byMi.Ye4oKoEa3Ro9llC/.og/at2.uheWG/igi', 'RYxOu5zvRu', '2020-01-24 04:25:40', '2020-01-24 04:25:40'),
(25, 'Jordy Balistreri', 'asawayn@example.net', '2020-01-24 04:25:40', '$2y$10$92IXUNpkjO0rOQ5byMi.Ye4oKoEa3Ro9llC/.og/at2.uheWG/igi', 'opcrsHzq0I', '2020-01-24 04:25:40', '2020-01-24 04:25:40'),
(26, 'Abdul Murazik', 'juliana.hills@example.net', '2020-01-24 04:25:40', '$2y$10$92IXUNpkjO0rOQ5byMi.Ye4oKoEa3Ro9llC/.og/at2.uheWG/igi', 'YZkE0npFrc', '2020-01-24 04:25:40', '2020-01-24 04:25:40'),
(27, 'Thalia Schroeder', 'bgerlach@example.net', '2020-01-24 04:34:54', '$2y$10$92IXUNpkjO0rOQ5byMi.Ye4oKoEa3Ro9llC/.og/at2.uheWG/igi', 'elIIb5MdF3', '2020-01-24 04:34:54', '2020-01-24 04:34:54'),
(28, 'Ms. Nakia McKenzie II', 'ola.renner@example.org', '2020-01-24 04:34:54', '$2y$10$92IXUNpkjO0rOQ5byMi.Ye4oKoEa3Ro9llC/.og/at2.uheWG/igi', 'qgjXkiI8LQ', '2020-01-24 04:34:55', '2020-01-24 04:34:55'),
(29, 'Emerald Hickle', 'ibahringer@example.org', '2020-01-24 04:34:54', '$2y$10$92IXUNpkjO0rOQ5byMi.Ye4oKoEa3Ro9llC/.og/at2.uheWG/igi', 'ejj70DOw37', '2020-01-24 04:34:55', '2020-01-24 04:34:55'),
(30, 'Marcel Yundt', 'qkeeling@example.org', '2020-01-24 04:34:54', '$2y$10$92IXUNpkjO0rOQ5byMi.Ye4oKoEa3Ro9llC/.og/at2.uheWG/igi', 'fQ0oYnTuPC', '2020-01-24 04:34:56', '2020-01-24 04:34:56'),
(31, 'Eduardo Ruecker V', 'mcglynn.gabe@example.org', '2020-01-24 04:34:54', '$2y$10$92IXUNpkjO0rOQ5byMi.Ye4oKoEa3Ro9llC/.og/at2.uheWG/igi', 'nBKoWKPBPx', '2020-01-24 04:34:57', '2020-01-24 04:34:57'),
(32, 'Effie Grant', 'upton.kathryn@example.net', '2020-01-25 05:43:48', '$2y$10$92IXUNpkjO0rOQ5byMi.Ye4oKoEa3Ro9llC/.og/at2.uheWG/igi', '5JsUY0KTLv', '2020-01-25 05:43:49', '2020-01-25 05:43:49'),
(33, 'Miss Marcelina Schoen', 'selina.fahey@example.net', '2020-01-25 05:43:49', '$2y$10$92IXUNpkjO0rOQ5byMi.Ye4oKoEa3Ro9llC/.og/at2.uheWG/igi', 'VJBGR42Myu', '2020-01-25 05:43:51', '2020-01-25 05:43:51'),
(34, 'Brycen Kuhlman', 'jessica68@example.org', '2020-01-25 05:43:49', '$2y$10$92IXUNpkjO0rOQ5byMi.Ye4oKoEa3Ro9llC/.og/at2.uheWG/igi', 'jTLAyPD0gz', '2020-01-25 05:43:51', '2020-01-25 05:43:51'),
(35, 'Zelma Schowalter', 'harrison.mann@example.org', '2020-01-25 05:43:49', '$2y$10$92IXUNpkjO0rOQ5byMi.Ye4oKoEa3Ro9llC/.og/at2.uheWG/igi', '40wbplAPph', '2020-01-25 05:43:54', '2020-01-25 05:43:54'),
(36, 'Jannie O\'Connell', 'wisoky.norwood@example.net', '2020-01-25 05:43:49', '$2y$10$92IXUNpkjO0rOQ5byMi.Ye4oKoEa3Ro9llC/.og/at2.uheWG/igi', 'KoLQl6py1a', '2020-01-25 05:43:56', '2020-01-25 05:43:56'),
(37, 'Ardella Schamberger V', 'keeling.al@example.net', '2020-01-25 05:46:59', '$2y$10$92IXUNpkjO0rOQ5byMi.Ye4oKoEa3Ro9llC/.og/at2.uheWG/igi', 'HW3zx0A0nd', '2020-01-25 05:46:59', '2020-01-25 05:46:59'),
(38, 'Mrs. Betsy West MD', 'hartmann.madaline@example.net', '2020-01-25 05:46:59', '$2y$10$92IXUNpkjO0rOQ5byMi.Ye4oKoEa3Ro9llC/.og/at2.uheWG/igi', 'UXULawLtAk', '2020-01-25 05:46:59', '2020-01-25 05:46:59'),
(39, 'Prof. Arely Krajcik', 'walsh.tina@example.net', '2020-01-25 05:46:59', '$2y$10$92IXUNpkjO0rOQ5byMi.Ye4oKoEa3Ro9llC/.og/at2.uheWG/igi', 'AeoenMdr2H', '2020-01-25 05:46:59', '2020-01-25 05:46:59'),
(40, 'Maud Cartwright', 'ally.boyle@example.com', '2020-01-25 05:46:59', '$2y$10$92IXUNpkjO0rOQ5byMi.Ye4oKoEa3Ro9llC/.og/at2.uheWG/igi', 'JZ3ZOfxOcU', '2020-01-25 05:46:59', '2020-01-25 05:46:59'),
(41, 'Carmel Waelchi', 'wrempel@example.org', '2020-01-25 05:46:59', '$2y$10$92IXUNpkjO0rOQ5byMi.Ye4oKoEa3Ro9llC/.og/at2.uheWG/igi', 'O6qGxSYLeg', '2020-01-25 05:46:59', '2020-01-25 05:46:59'),
(42, 'Ms. Carmella Bode II', 'dmills@example.org', '2020-01-25 05:52:24', '$2y$10$92IXUNpkjO0rOQ5byMi.Ye4oKoEa3Ro9llC/.og/at2.uheWG/igi', '1N5TlFhCUT', '2020-01-25 05:52:24', '2020-01-25 05:52:24'),
(43, 'Daniella Fisher', 'tcormier@example.org', '2020-01-25 05:52:24', '$2y$10$92IXUNpkjO0rOQ5byMi.Ye4oKoEa3Ro9llC/.og/at2.uheWG/igi', 'Tbdc20yMzO', '2020-01-25 05:52:24', '2020-01-25 05:52:24'),
(44, 'Xzavier Hartmann', 'xschmitt@example.org', '2020-01-25 05:52:24', '$2y$10$92IXUNpkjO0rOQ5byMi.Ye4oKoEa3Ro9llC/.og/at2.uheWG/igi', 'Hn69nDOOLc', '2020-01-25 05:52:25', '2020-01-25 05:52:25'),
(45, 'Colby Hartmann', 'torphy.clint@example.com', '2020-01-25 05:52:24', '$2y$10$92IXUNpkjO0rOQ5byMi.Ye4oKoEa3Ro9llC/.og/at2.uheWG/igi', 'tTmCEd0ipz', '2020-01-25 05:52:26', '2020-01-25 05:52:26'),
(46, 'Mrs. Janiya Russel Jr.', 'cbreitenberg@example.com', '2020-01-25 05:52:24', '$2y$10$92IXUNpkjO0rOQ5byMi.Ye4oKoEa3Ro9llC/.og/at2.uheWG/igi', 'KoRfVQIyPK', '2020-01-25 05:52:27', '2020-01-25 05:52:27'),
(47, 'Prof. Samara Halvorson', 'leonardo.harris@example.net', '2020-01-25 05:55:15', '$2y$10$92IXUNpkjO0rOQ5byMi.Ye4oKoEa3Ro9llC/.og/at2.uheWG/igi', 'rm5iw1p8Q6', '2020-01-25 05:55:15', '2020-01-25 05:55:15'),
(48, 'Columbus Howe', 'boyd.bosco@example.net', '2020-01-25 05:55:15', '$2y$10$92IXUNpkjO0rOQ5byMi.Ye4oKoEa3Ro9llC/.og/at2.uheWG/igi', 'yEvLihPHpt', '2020-01-25 05:55:16', '2020-01-25 05:55:16'),
(49, 'Mr. Dejon Hegmann', 'koby.wunsch@example.org', '2020-01-25 05:55:15', '$2y$10$92IXUNpkjO0rOQ5byMi.Ye4oKoEa3Ro9llC/.og/at2.uheWG/igi', 'TFJm1a2Z8V', '2020-01-25 05:55:16', '2020-01-25 05:55:16'),
(50, 'Donnell Jacobi', 'macy39@example.net', '2020-01-25 05:55:15', '$2y$10$92IXUNpkjO0rOQ5byMi.Ye4oKoEa3Ro9llC/.og/at2.uheWG/igi', 'rv9pGrWNhQ', '2020-01-25 05:55:16', '2020-01-25 05:55:16'),
(51, 'Ms. Dorris Gleichner V', 'kathlyn.weissnat@example.net', '2020-01-25 05:55:15', '$2y$10$92IXUNpkjO0rOQ5byMi.Ye4oKoEa3Ro9llC/.og/at2.uheWG/igi', 'vKY4rQwmH1', '2020-01-25 05:55:16', '2020-01-25 05:55:16'),
(52, 'Mr. Lavern Jerde Jr.', 'oma.feeney@example.com', '2020-01-26 06:03:06', '$2y$10$92IXUNpkjO0rOQ5byMi.Ye4oKoEa3Ro9llC/.og/at2.uheWG/igi', 'cPnjdYoVUg', '2020-01-26 06:03:06', '2020-01-26 06:03:06'),
(53, 'Mauricio Windler', 'jaylan.ebert@example.net', '2020-01-26 06:03:06', '$2y$10$92IXUNpkjO0rOQ5byMi.Ye4oKoEa3Ro9llC/.og/at2.uheWG/igi', 'VFhNNBMWAF', '2020-01-26 06:03:07', '2020-01-26 06:03:07'),
(54, 'Kory Kirlin MD', 'robel.carolyne@example.net', '2020-01-26 06:03:06', '$2y$10$92IXUNpkjO0rOQ5byMi.Ye4oKoEa3Ro9llC/.og/at2.uheWG/igi', 'rOyMNyUXeP', '2020-01-26 06:03:07', '2020-01-26 06:03:07'),
(55, 'Abagail Walter', 'alexander.heathcote@example.org', '2020-01-26 06:03:06', '$2y$10$92IXUNpkjO0rOQ5byMi.Ye4oKoEa3Ro9llC/.og/at2.uheWG/igi', 'KiDFU4R62h', '2020-01-26 06:03:07', '2020-01-26 06:03:07'),
(56, 'Layne Koepp V', 'vernie09@example.org', '2020-01-26 06:03:06', '$2y$10$92IXUNpkjO0rOQ5byMi.Ye4oKoEa3Ro9llC/.og/at2.uheWG/igi', 'tv8hxZsrn6', '2020-01-26 06:03:07', '2020-01-26 06:03:07');

--
-- Indexes for dumped tables
--

--
-- Indexes for table `failed_jobs`
--
ALTER TABLE `failed_jobs`
  ADD PRIMARY KEY (`id`);

--
-- Indexes for table `migrations`
--
ALTER TABLE `migrations`
  ADD PRIMARY KEY (`id`);

--
-- Indexes for table `password_resets`
--
ALTER TABLE `password_resets`
  ADD KEY `password_resets_email_index` (`email`);

--
-- Indexes for table `products`
--
ALTER TABLE `products`
  ADD PRIMARY KEY (`id`),
  ADD KEY `products_user_id_index` (`user_id`);

--
-- Indexes for table `reviews`
--
ALTER TABLE `reviews`
  ADD PRIMARY KEY (`id`);

--
-- Indexes for table `users`
--
ALTER TABLE `users`
  ADD PRIMARY KEY (`id`),
  ADD UNIQUE KEY `users_email_unique` (`email`);

--
-- AUTO_INCREMENT for dumped tables
--

--
-- AUTO_INCREMENT for table `failed_jobs`
--
ALTER TABLE `failed_jobs`
  MODIFY `id` bigint(20) UNSIGNED NOT NULL AUTO_INCREMENT;

--
-- AUTO_INCREMENT for table `migrations`
--
ALTER TABLE `migrations`
  MODIFY `id` int(10) UNSIGNED NOT NULL AUTO_INCREMENT, AUTO_INCREMENT=5;

--
-- AUTO_INCREMENT for table `products`
--
ALTER TABLE `products`
  MODIFY `id` bigint(20) UNSIGNED NOT NULL AUTO_INCREMENT, AUTO_INCREMENT=51;

--
-- AUTO_INCREMENT for table `reviews`
--
ALTER TABLE `reviews`
  MODIFY `id` bigint(20) UNSIGNED NOT NULL AUTO_INCREMENT, AUTO_INCREMENT=301;

--
-- AUTO_INCREMENT for table `users`
--
ALTER TABLE `users`
  MODIFY `id` bigint(20) UNSIGNED NOT NULL AUTO_INCREMENT, AUTO_INCREMENT=57;
COMMIT;

/*!40101 SET CHARACTER_SET_CLIENT=@OLD_CHARACTER_SET_CLIENT */;
/*!40101 SET CHARACTER_SET_RESULTS=@OLD_CHARACTER_SET_RESULTS */;
/*!40101 SET COLLATION_CONNECTION=@OLD_COLLATION_CONNECTION */;
